zone_id,zone_name,hour,time_period,is_peak_hour,zone_type,transformer_capacity_kw,base_grid_load_kw,model_predicted_ev_load_kw,model_total_load_kw,model_load_ratio,spare_capacity_after_ev_kw,model_risk_level,risk_score,is_overloaded,action_priority,recommended_action,risk_reason
Z001,Whitefield,0,Night,False,mixed,1307,618.08,215.35,833.43,0.638,473.57,Low,63.8,False,Normal,No immediate action required.,Whitefield at 00:00 is Low risk because load remains within safe capacity limits.
Z001,Whitefield,1,Night,False,mixed,1307,606.32,212.69,819.01,0.627,487.99,Low,62.7,False,Normal,No immediate action required.,Whitefield at 01:00 is Low risk because load remains within safe capacity limits.
Z001,Whitefield,2,Night,False,mixed,1307,616.11,225.09,841.2,0.644,465.8,Low,64.4,False,Normal,No immediate action required.,Whitefield at 02:00 is Low risk because load remains within safe capacity limits.
Z001,Whitefield,3,Night,False,mixed,1307,568.38,223.58,791.96,0.606,515.04,Low,60.6,False,Normal,No immediate action required.,Whitefield at 03:00 is Low risk because load remains within safe capacity limits.
Z001,Whitefield,4,Night,False,mixed,1307,598.1,232.48,830.58,0.635,476.42,Low,63.5,False,Normal,No immediate action required.,Whitefield at 04:00 is Low risk because load remains within safe capacity limits.
Z001,Whitefield,5,Night,False,mixed,1307,534.1,224.33,758.43,0.58,548.57,Low,58.0,False,Normal,No immediate action required.,Whitefield at 05:00 is Low risk because load remains within safe capacity limits.
Z001,Whitefield,6,Morning,False,mixed,1307,779.92,389.64,1169.56,0.895,137.44,Medium,89.5,False,Monitor,Monitor load and encourage off-peak charging.,Whitefield at 06:00 needs monitoring because load reaches 89.5% of transformer capacity.
Z001,Whitefield,7,Morning,False,mixed,1307,707.26,403.25,1110.51,0.85,196.49,Medium,85.0,False,Monitor,Monitor load and encourage off-peak charging.,Whitefield at 07:00 needs monitoring because load reaches 85.0% of transformer capacity.
Z001,Whitefield,8,Morning,False,mixed,1307,772.36,366.92,1139.28,0.872,167.72,Medium,87.2,False,Monitor,Monitor load and encourage off-peak charging.,Whitefield at 08:00 needs monitoring because load reaches 87.2% of transformer capacity.
Z001,Whitefield,9,Morning,False,mixed,1307,659.53,377.25,1036.78,0.793,270.22,Medium,79.3,False,Monitor,Monitor load and encourage off-peak charging.,Whitefield at 09:00 needs monitoring because load reaches 79.3% of transformer capacity.
Z001,Whitefield,10,Day,False,mixed,1307,805.6,512.75,1318.35,1.009,-11.35,Critical,100.0,True,Immediate Action,Shift EV charging immediately and restrict fast charging during this hour.,Whitefield at 10:00 is Critical because predicted total load reaches 100.9% of transformer capacity.
Z001,Whitefield,11,Day,False,mixed,1307,748.1,498.38,1246.48,0.954,60.52,High,95.4,False,Schedule Shift Recommended,Shift part of EV charging demand to off-peak hours.,Whitefield at 11:00 is High risk because predicted total load reaches 95.4% of transformer capacity during Day.
Z001,Whitefield,12,Day,False,mixed,1307,711.16,492.52,1203.68,0.921,103.32,High,92.1,False,Schedule Shift Recommended,Shift part of EV charging demand to off-peak hours.,Whitefield at 12:00 is High risk because predicted total load reaches 92.1% of transformer capacity during Day.
Z001,Whitefield,13,Day,False,mixed,1307,794.08,481.37,1275.45,0.976,31.55,High,97.6,False,Schedule Shift Recommended,Shift part of EV charging demand to off-peak hours.,Whitefield at 13:00 is High risk because predicted total load reaches 97.6% of transformer capacity during Day.
Z001,Whitefield,14,Day,False,mixed,1307,798.76,473.16,1271.92,0.973,35.08,High,97.3,False,Schedule Shift Recommended,Shift part of EV charging demand to off-peak hours.,Whitefield at 14:00 is High risk because predicted total load reaches 97.3% of transformer capacity during Day.
Z001,Whitefield,15,Day,False,mixed,1307,814.81,485.99,1300.8,0.995,6.2,High,99.5,False,Schedule Shift Recommended,Shift part of EV charging demand to off-peak hours.,Whitefield at 15:00 is High risk because predicted total load reaches 99.5% of transformer capacity during Day.
Z001,Whitefield,16,Day,False,mixed,1307,796.03,467.49,1263.52,0.967,43.48,High,96.7,False,Schedule Shift Recommended,Shift part of EV charging demand to off-peak hours.,Whitefield at 16:00 is High risk because predicted total load reaches 96.7% of transformer capacity during Day.
Z001,Whitefield,17,Evening Peak,True,mixed,1307,807.53,703.63,1511.16,1.156,-204.16,Critical,100.0,True,Immediate Action,Shift EV charging immediately and restrict fast charging during this hour.,Whitefield at 17:00 is Critical because predicted total load reaches 115.6% of transformer capacity.
Z001,Whitefield,18,Evening Peak,True,mixed,1307,914.71,685.34,1600.05,1.224,-293.05,Critical,100.0,True,Immediate Action,Shift EV charging immediately and restrict fast charging during this hour.,Whitefield at 18:00 is Critical because predicted total load reaches 122.4% of transformer capacity.
Z001,Whitefield,19,Evening Peak,True,mixed,1307,893.76,676.21,1569.97,1.201,-262.97,Critical,100.0,True,Immediate Action,Shift EV charging immediately and restrict fast charging during this hour.,Whitefield at 19:00 is Critical because predicted total load reaches 120.1% of transformer capacity.
Z001,Whitefield,20,Evening Peak,True,mixed,1307,909.07,676.26,1585.33,1.213,-278.33,Critical,100.0,True,Immediate Action,Shift EV charging immediately and restrict fast charging during this hour.,Whitefield at 20:00 is Critical because predicted total load reaches 121.3% of transformer capacity.
Z001,Whitefield,21,Evening Peak,True,mixed,1307,923.9,680.03,1603.93,1.227,-296.93,Critical,100.0,True,Immediate Action,Shift EV charging immediately and restrict fast charging during this hour.,Whitefield at 21:00 is Critical because predicted total load reaches 122.7% of transformer capacity.
Z001,Whitefield,22,Evening Peak,True,mixed,1307,892.29,627.84,1520.13,1.163,-213.13,Critical,100.0,True,Immediate Action,Shift EV charging immediately and restrict fast charging during this hour.,Whitefield at 22:00 is Critical because predicted total load reaches 116.3% of transformer capacity.
Z001,Whitefield,23,Late Night,False,mixed,1307,626.31,342.9,969.21,0.742,337.79,Low,74.2,False,Normal,No immediate action required.,Whitefield at 23:00 is Low risk because load remains within safe capacity limits.
Z002,Indiranagar,0,Night,False,residential,1597,772.26,265.75,1038.01,0.65,558.99,Low,65.0,False,Normal,No immediate action required.,Indiranagar at 00:00 is Low risk because load remains within safe capacity limits.
Z002,Indiranagar,1,Night,False,residential,1597,664.61,285.76,950.37,0.595,646.63,Low,59.5,False,Normal,No immediate action required.,Indiranagar at 01:00 is Low risk because load remains within safe capacity limits.
Z002,Indiranagar,2,Night,False,residential,1597,716.48,297.11,1013.59,0.635,583.41,Low,63.5,False,Normal,No immediate action required.,Indiranagar at 02:00 is Low risk because load remains within safe capacity limits.
Z002,Indiranagar,3,Night,False,residential,1597,688.13,290.76,978.89,0.613,618.11,Low,61.3,False,Normal,No immediate action required.,Indiranagar at 03:00 is Low risk because load remains within safe capacity limits.
Z002,Indiranagar,4,Night,False,residential,1597,615.92,258.64,874.56,0.548,722.44,Low,54.8,False,Normal,No immediate action required.,Indiranagar at 04:00 is Low risk because load remains within safe capacity limits.
Z002,Indiranagar,5,Night,False,residential,1597,698.58,266.85,965.43,0.605,631.57,Low,60.5,False,Normal,No immediate action required.,Indiranagar at 05:00 is Low risk because load remains within safe capacity limits.
Z002,Indiranagar,6,Morning,False,residential,1597,828.52,356.67,1185.19,0.742,411.81,Low,74.2,False,Normal,No immediate action required.,Indiranagar at 06:00 is Low risk because load remains within safe capacity limits.
Z002,Indiranagar,7,Morning,False,residential,1597,871.56,358.14,1229.7,0.77,367.3,Medium,77.0,False,Monitor,Monitor load and encourage off-peak charging.,Indiranagar at 07:00 needs monitoring because load reaches 77.0% of transformer capacity.
Z002,Indiranagar,8,Morning,False,residential,1597,867.94,354.5,1222.44,0.765,374.56,Medium,76.5,False,Monitor,Monitor load and encourage off-peak charging.,Indiranagar at 08:00 needs monitoring because load reaches 76.5% of transformer capacity.
Z002,Indiranagar,9,Morning,False,residential,1597,980.88,362.08,1342.96,0.841,254.04,Medium,84.1,False,Monitor,Monitor load and encourage off-peak charging.,Indiranagar at 09:00 needs monitoring because load reaches 84.1% of transformer capacity.
Z002,Indiranagar,10,Day,False,residential,1597,896.94,367.02,1263.96,0.791,333.04,Medium,79.1,False,Monitor,Monitor load and encourage off-peak charging.,Indiranagar at 10:00 needs monitoring because load reaches 79.1% of transformer capacity.
Z002,Indiranagar,11,Day,False,residential,1597,981.82,339.68,1321.5,0.827,275.5,Medium,82.7,False,Monitor,Monitor load and encourage off-peak charging.,Indiranagar at 11:00 needs monitoring because load reaches 82.7% of transformer capacity.
Z002,Indiranagar,12,Day,False,residential,1597,865.04,353.28,1218.32,0.763,378.68,Medium,76.3,False,Monitor,Monitor load and encourage off-peak charging.,Indiranagar at 12:00 needs monitoring because load reaches 76.3% of transformer capacity.
Z002,Indiranagar,13,Day,False,residential,1597,884.98,344.1,1229.08,0.77,367.92,Medium,77.0,False,Monitor,Monitor load and encourage off-peak charging.,Indiranagar at 13:00 needs monitoring because load reaches 77.0% of transformer capacity.
Z002,Indiranagar,14,Day,False,residential,1597,880.17,368.07,1248.24,0.782,348.76,Medium,78.2,False,Monitor,Monitor load and encourage off-peak charging.,Indiranagar at 14:00 needs monitoring because load reaches 78.2% of transformer capacity.
Z002,Indiranagar,15,Day,False,residential,1597,982.3,360.14,1342.44,0.841,254.56,Medium,84.1,False,Monitor,Monitor load and encourage off-peak charging.,Indiranagar at 15:00 needs monitoring because load reaches 84.1% of transformer capacity.
Z002,Indiranagar,16,Day,False,residential,1597,956.83,360.49,1317.32,0.825,279.68,Medium,82.5,False,Monitor,Monitor load and encourage off-peak charging.,Indiranagar at 16:00 needs monitoring because load reaches 82.5% of transformer capacity.
Z002,Indiranagar,17,Evening Peak,True,residential,1597,1066.3,701.21,1767.51,1.107,-170.51,Critical,100.0,True,Immediate Action,Shift EV charging immediately and restrict fast charging during this hour.,Indiranagar at 17:00 is Critical because predicted total load reaches 110.7% of transformer capacity.
Z002,Indiranagar,18,Evening Peak,True,residential,1597,1050.13,716.1,1766.23,1.106,-169.23,Critical,100.0,True,Immediate Action,Shift EV charging immediately and restrict fast charging during this hour.,Indiranagar at 18:00 is Critical because predicted total load reaches 110.6% of transformer capacity.
Z002,Indiranagar,19,Evening Peak,True,residential,1597,1098.64,778.08,1876.72,1.175,-279.72,Critical,100.0,True,Immediate Action,Shift EV charging immediately and restrict fast charging during this hour.,Indiranagar at 19:00 is Critical because predicted total load reaches 117.5% of transformer capacity.
Z002,Indiranagar,20,Evening Peak,True,residential,1597,1097.41,779.72,1877.13,1.175,-280.13,Critical,100.0,True,Immediate Action,Shift EV charging immediately and restrict fast charging during this hour.,Indiranagar at 20:00 is Critical because predicted total load reaches 117.5% of transformer capacity.
Z002,Indiranagar,21,Evening Peak,True,residential,1597,992.34,830.15,1822.49,1.141,-225.49,Critical,100.0,True,Immediate Action,Shift EV charging immediately and restrict fast charging during this hour.,Indiranagar at 21:00 is Critical because predicted total load reaches 114.1% of transformer capacity.
Z002,Indiranagar,22,Evening Peak,True,residential,1597,1135.36,759.07,1894.43,1.186,-297.43,Critical,100.0,True,Immediate Action,Shift EV charging immediately and restrict fast charging during this hour.,Indiranagar at 22:00 is Critical because predicted total load reaches 118.6% of transformer capacity.
Z002,Indiranagar,23,Late Night,False,residential,1597,775.01,476.36,1251.37,0.784,345.63,Medium,78.4,False,Monitor,Monitor load and encourage off-peak charging.,Indiranagar at 23:00 needs monitoring because load reaches 78.4% of transformer capacity.
Z003,Koramangala,0,Night,False,mixed,1832,889.91,183.28,1073.19,0.586,758.81,Low,58.6,False,Normal,No immediate action required.,Koramangala at 00:00 is Low risk because load remains within safe capacity limits.
Z003,Koramangala,1,Night,False,mixed,1832,901.19,185.51,1086.7,0.593,745.3,Low,59.3,False,Normal,No immediate action required.,Koramangala at 01:00 is Low risk because load remains within safe capacity limits.
Z003,Koramangala,2,Night,False,mixed,1832,974.23,205.25,1179.48,0.644,652.52,Low,64.4,False,Normal,No immediate action required.,Koramangala at 02:00 is Low risk because load remains within safe capacity limits.
Z003,Koramangala,3,Night,False,mixed,1832,909.16,186.85,1096.01,0.598,735.99,Low,59.8,False,Normal,No immediate action required.,Koramangala at 03:00 is Low risk because load remains within safe capacity limits.
Z003,Koramangala,4,Night,False,mixed,1832,843.96,208.62,1052.58,0.575,779.42,Low,57.5,False,Normal,No immediate action required.,Koramangala at 04:00 is Low risk because load remains within safe capacity limits.
Z003,Koramangala,5,Night,False,mixed,1832,960.46,190.66,1151.12,0.628,680.88,Low,62.8,False,Normal,No immediate action required.,Koramangala at 05:00 is Low risk because load remains within safe capacity limits.
Z003,Koramangala,6,Morning,False,mixed,1832,1070.77,333.82,1404.59,0.767,427.41,Medium,76.7,False,Monitor,Monitor load and encourage off-peak charging.,Koramangala at 06:00 needs monitoring because load reaches 76.7% of transformer capacity.
Z003,Koramangala,7,Morning,False,mixed,1832,1104.4,340.86,1445.26,0.789,386.74,Medium,78.9,False,Monitor,Monitor load and encourage off-peak charging.,Koramangala at 07:00 needs monitoring because load reaches 78.9% of transformer capacity.
Z003,Koramangala,8,Morning,False,mixed,1832,1091.55,334.47,1426.02,0.778,405.98,Medium,77.8,False,Monitor,Monitor load and encourage off-peak charging.,Koramangala at 08:00 needs monitoring because load reaches 77.8% of transformer capacity.
Z003,Koramangala,9,Morning,False,mixed,1832,1138.85,333.83,1472.68,0.804,359.32,Medium,80.4,False,Monitor,Monitor load and encourage off-peak charging.,Koramangala at 09:00 needs monitoring because load reaches 80.4% of transformer capacity.
Z003,Koramangala,10,Day,False,mixed,1832,1114.84,447.42,1562.26,0.853,269.74,Medium,85.3,False,Monitor,Monitor load and encourage off-peak charging.,Koramangala at 10:00 needs monitoring because load reaches 85.3% of transformer capacity.
Z003,Koramangala,11,Day,False,mixed,1832,1312.68,503.81,1816.49,0.992,15.51,High,99.2,False,Schedule Shift Recommended,Shift part of EV charging demand to off-peak hours.,Koramangala at 11:00 is High risk because predicted total load reaches 99.2% of transformer capacity during Day.
Z003,Koramangala,12,Day,False,mixed,1832,1288.4,503.0,1791.4,0.978,40.6,High,97.8,False,Schedule Shift Recommended,Shift part of EV charging demand to off-peak hours.,Koramangala at 12:00 is High risk because predicted total load reaches 97.8% of transformer capacity during Day.
Z003,Koramangala,13,Day,False,mixed,1832,1151.01,466.1,1617.11,0.883,214.89,Medium,88.3,False,Monitor,Monitor load and encourage off-peak charging.,Koramangala at 13:00 needs monitoring because load reaches 88.3% of transformer capacity.
Z003,Koramangala,14,Day,False,mixed,1832,1164.8,439.21,1604.01,0.876,227.99,Medium,87.6,False,Monitor,Monitor load and encourage off-peak charging.,Koramangala at 14:00 needs monitoring because load reaches 87.6% of transformer capacity.
Z003,Koramangala,15,Day,False,mixed,1832,1138.23,454.58,1592.81,0.869,239.19,Medium,86.9,False,Monitor,Monitor load and encourage off-peak charging.,Koramangala at 15:00 needs monitoring because load reaches 86.9% of transformer capacity.
Z003,Koramangala,16,Day,False,mixed,1832,1104.84,470.72,1575.56,0.86,256.44,Medium,86.0,False,Monitor,Monitor load and encourage off-peak charging.,Koramangala at 16:00 needs monitoring because load reaches 86.0% of transformer capacity.
Z003,Koramangala,17,Evening Peak,True,mixed,1832,1297.6,623.62,1921.22,1.049,-89.22,Critical,100.0,True,Immediate Action,Shift EV charging immediately and restrict fast charging during this hour.,Koramangala at 17:00 is Critical because predicted total load reaches 104.9% of transformer capacity.
Z003,Koramangala,18,Evening Peak,True,mixed,1832,1301.7,612.86,1914.56,1.045,-82.56,Critical,100.0,True,Immediate Action,Shift EV charging immediately and restrict fast charging during this hour.,Koramangala at 18:00 is Critical because predicted total load reaches 104.5% of transformer capacity.
Z003,Koramangala,19,Evening Peak,True,mixed,1832,1487.02,596.53,2083.55,1.137,-251.55,Critical,100.0,True,Immediate Action,Shift EV charging immediately and restrict fast charging during this hour.,Koramangala at 19:00 is Critical because predicted total load reaches 113.7% of transformer capacity.
Z003,Koramangala,20,Evening Peak,True,mixed,1832,1258.08,621.55,1879.63,1.026,-47.63,Critical,100.0,True,Immediate Action,Shift EV charging immediately and restrict fast charging during this hour.,Koramangala at 20:00 is Critical because predicted total load reaches 102.6% of transformer capacity.
Z003,Koramangala,21,Evening Peak,True,mixed,1832,1416.71,576.99,1993.7,1.088,-161.7,Critical,100.0,True,Immediate Action,Shift EV charging immediately and restrict fast charging during this hour.,Koramangala at 21:00 is Critical because predicted total load reaches 108.8% of transformer capacity.
Z003,Koramangala,22,Evening Peak,True,mixed,1832,1420.68,572.48,1993.16,1.088,-161.16,Critical,100.0,True,Immediate Action,Shift EV charging immediately and restrict fast charging during this hour.,Koramangala at 22:00 is Critical because predicted total load reaches 108.8% of transformer capacity.
Z003,Koramangala,23,Late Night,False,mixed,1832,1040.39,328.62,1369.01,0.747,462.99,Low,74.7,False,Normal,No immediate action required.,Koramangala at 23:00 is Low risk because load remains within safe capacity limits.
Z004,Electronic City,0,Night,False,industrial,3166,1240.85,175.17,1416.02,0.447,1749.98,Low,44.7,False,Normal,No immediate action required.,Electronic City at 00:00 is Low risk because load remains within safe capacity limits.
Z004,Electronic City,1,Night,False,industrial,3166,1338.66,177.51,1516.17,0.479,1649.83,Low,47.9,False,Normal,No immediate action required.,Electronic City at 01:00 is Low risk because load remains within safe capacity limits.
Z004,Electronic City,2,Night,False,industrial,3166,1436.02,198.71,1634.73,0.516,1531.27,Low,51.6,False,Normal,No immediate action required.,Electronic City at 02:00 is Low risk because load remains within safe capacity limits.
Z004,Electronic City,3,Night,False,industrial,3166,1532.15,195.61,1727.76,0.546,1438.24,Low,54.6,False,Normal,No immediate action required.,Electronic City at 03:00 is Low risk because load remains within safe capacity limits.
Z004,Electronic City,4,Night,False,industrial,3166,1425.42,196.86,1622.28,0.512,1543.72,Low,51.2,False,Normal,No immediate action required.,Electronic City at 04:00 is Low risk because load remains within safe capacity limits.
Z004,Electronic City,5,Night,False,industrial,3166,1346.56,194.05,1540.61,0.487,1625.39,Low,48.7,False,Normal,No immediate action required.,Electronic City at 05:00 is Low risk because load remains within safe capacity limits.
Z004,Electronic City,6,Morning,False,industrial,3166,1902.17,468.28,2370.45,0.749,795.55,Low,74.9,False,Normal,No immediate action required.,Electronic City at 06:00 is Low risk because load remains within safe capacity limits.
Z004,Electronic City,7,Morning,False,industrial,3166,1847.76,474.87,2322.63,0.734,843.37,Low,73.4,False,Normal,No immediate action required.,Electronic City at 07:00 is Low risk because load remains within safe capacity limits.
Z004,Electronic City,8,Morning,False,industrial,3166,1864.15,478.66,2342.81,0.74,823.19,Low,74.0,False,Normal,No immediate action required.,Electronic City at 08:00 is Low risk because load remains within safe capacity limits.
Z004,Electronic City,9,Morning,False,industrial,3166,1754.54,474.35,2228.89,0.704,937.11,Low,70.4,False,Normal,No immediate action required.,Electronic City at 09:00 is Low risk because load remains within safe capacity limits.
Z004,Electronic City,10,Day,False,industrial,3166,1872.84,402.0,2274.84,0.719,891.16,Low,71.9,False,Normal,No immediate action required.,Electronic City at 10:00 is Low risk because load remains within safe capacity limits.
Z004,Electronic City,11,Day,False,industrial,3166,1807.8,467.03,2274.83,0.719,891.17,Low,71.9,False,Normal,No immediate action required.,Electronic City at 11:00 is Low risk because load remains within safe capacity limits.
Z004,Electronic City,12,Day,False,industrial,3166,1818.08,377.46,2195.54,0.693,970.46,Low,69.3,False,Normal,No immediate action required.,Electronic City at 12:00 is Low risk because load remains within safe capacity limits.
Z004,Electronic City,13,Day,False,industrial,3166,1925.29,337.73,2263.02,0.715,902.98,Low,71.5,False,Normal,No immediate action required.,Electronic City at 13:00 is Low risk because load remains within safe capacity limits.
Z004,Electronic City,14,Day,False,industrial,3166,1675.93,390.96,2066.89,0.653,1099.11,Low,65.3,False,Normal,No immediate action required.,Electronic City at 14:00 is Low risk because load remains within safe capacity limits.
Z004,Electronic City,15,Day,False,industrial,3166,1954.15,328.24,2282.39,0.721,883.61,Low,72.1,False,Normal,No immediate action required.,Electronic City at 15:00 is Low risk because load remains within safe capacity limits.
Z004,Electronic City,16,Day,False,industrial,3166,1989.5,371.4,2360.9,0.746,805.1,Low,74.6,False,Normal,No immediate action required.,Electronic City at 16:00 is Low risk because load remains within safe capacity limits.
Z004,Electronic City,17,Evening Peak,True,industrial,3166,1983.13,425.0,2408.13,0.761,757.87,Medium,76.1,False,Monitor,Monitor load and encourage off-peak charging.,Electronic City at 17:00 needs monitoring because load reaches 76.1% of transformer capacity.
Z004,Electronic City,18,Evening Peak,True,industrial,3166,1947.08,421.03,2368.11,0.748,797.89,Low,74.8,False,Normal,No immediate action required.,Electronic City at 18:00 is Low risk because load remains within safe capacity limits.
Z004,Electronic City,19,Evening Peak,True,industrial,3166,2143.7,454.31,2598.01,0.821,567.99,Medium,82.1,False,Monitor,Monitor load and encourage off-peak charging.,Electronic City at 19:00 needs monitoring because load reaches 82.1% of transformer capacity.
Z004,Electronic City,20,Evening Peak,True,industrial,3166,2043.45,443.34,2486.79,0.785,679.21,Medium,78.5,False,Monitor,Monitor load and encourage off-peak charging.,Electronic City at 20:00 needs monitoring because load reaches 78.5% of transformer capacity.
Z004,Electronic City,21,Evening Peak,True,industrial,3166,2239.12,291.11,2530.23,0.799,635.77,Medium,79.9,False,Monitor,Monitor load and encourage off-peak charging.,Electronic City at 21:00 needs monitoring because load reaches 79.9% of transformer capacity.
Z004,Electronic City,22,Evening Peak,True,industrial,3166,2013.64,215.89,2229.53,0.704,936.47,Low,70.4,False,Normal,No immediate action required.,Electronic City at 22:00 is Low risk because load remains within safe capacity limits.
Z004,Electronic City,23,Late Night,False,industrial,3166,1490.83,312.22,1803.05,0.57,1362.95,Low,57.0,False,Normal,No immediate action required.,Electronic City at 23:00 is Low risk because load remains within safe capacity limits.
Z005,MG Road,0,Night,False,commercial,2000,1104.2,129.88,1234.08,0.617,765.92,Low,61.7,False,Normal,No immediate action required.,MG Road at 00:00 is Low risk because load remains within safe capacity limits.
Z005,MG Road,1,Night,False,commercial,2000,966.15,134.27,1100.42,0.55,899.58,Low,55.0,False,Normal,No immediate action required.,MG Road at 01:00 is Low risk because load remains within safe capacity limits.
Z005,MG Road,2,Night,False,commercial,2000,1197.78,150.55,1348.33,0.674,651.67,Low,67.4,False,Normal,No immediate action required.,MG Road at 02:00 is Low risk because load remains within safe capacity limits.
Z005,MG Road,3,Night,False,commercial,2000,1185.62,141.9,1327.52,0.664,672.48,Low,66.4,False,Normal,No immediate action required.,MG Road at 03:00 is Low risk because load remains within safe capacity limits.
Z005,MG Road,4,Night,False,commercial,2000,1178.88,125.79,1304.67,0.652,695.33,Low,65.2,False,Normal,No immediate action required.,MG Road at 04:00 is Low risk because load remains within safe capacity limits.
Z005,MG Road,5,Night,False,commercial,2000,1101.41,119.83,1221.24,0.611,778.76,Low,61.1,False,Normal,No immediate action required.,MG Road at 05:00 is Low risk because load remains within safe capacity limits.
Z005,MG Road,6,Morning,False,commercial,2000,1356.23,286.11,1642.34,0.821,357.66,Medium,82.1,False,Monitor,Monitor load and encourage off-peak charging.,MG Road at 06:00 needs monitoring because load reaches 82.1% of transformer capacity.
Z005,MG Road,7,Morning,False,commercial,2000,1284.45,269.25,1553.7,0.777,446.3,Medium,77.7,False,Monitor,Monitor load and encourage off-peak charging.,MG Road at 07:00 needs monitoring because load reaches 77.7% of transformer capacity.
Z005,MG Road,8,Morning,False,commercial,2000,1311.6,271.42,1583.02,0.792,416.98,Medium,79.2,False,Monitor,Monitor load and encourage off-peak charging.,MG Road at 08:00 needs monitoring because load reaches 79.2% of transformer capacity.
Z005,MG Road,9,Morning,False,commercial,2000,1339.38,266.9,1606.28,0.803,393.72,Medium,80.3,False,Monitor,Monitor load and encourage off-peak charging.,MG Road at 09:00 needs monitoring because load reaches 80.3% of transformer capacity.
Z005,MG Road,10,Day,False,commercial,2000,1403.57,569.98,1973.55,0.987,26.45,High,98.7,False,Schedule Shift Recommended,Shift part of EV charging demand to off-peak hours.,MG Road at 10:00 is High risk because predicted total load reaches 98.7% of transformer capacity during Day.
Z005,MG Road,11,Day,False,commercial,2000,1457.41,542.47,1999.88,1.0,0.12,High,100.0,False,Schedule Shift Recommended,Shift part of EV charging demand to off-peak hours.,MG Road at 11:00 is High risk because predicted total load reaches 100.0% of transformer capacity during Day.
Z005,MG Road,12,Day,False,commercial,2000,1564.99,547.06,2112.05,1.056,-112.05,Critical,100.0,True,Immediate Action,Shift EV charging immediately and restrict fast charging during this hour.,MG Road at 12:00 is Critical because predicted total load reaches 105.6% of transformer capacity.
Z005,MG Road,13,Day,False,commercial,2000,1472.57,535.5,2008.07,1.004,-8.07,Critical,100.0,True,Immediate Action,Shift EV charging immediately and restrict fast charging during this hour.,MG Road at 13:00 is Critical because predicted total load reaches 100.4% of transformer capacity.
Z005,MG Road,14,Day,False,commercial,2000,1531.73,517.43,2049.16,1.025,-49.16,Critical,100.0,True,Immediate Action,Shift EV charging immediately and restrict fast charging during this hour.,MG Road at 14:00 is Critical because predicted total load reaches 102.5% of transformer capacity.
Z005,MG Road,15,Day,False,commercial,2000,1568.55,513.24,2081.79,1.041,-81.79,Critical,100.0,True,Immediate Action,Shift EV charging immediately and restrict fast charging during this hour.,MG Road at 15:00 is Critical because predicted total load reaches 104.1% of transformer capacity.
Z005,MG Road,16,Day,False,commercial,2000,1344.53,513.47,1858.0,0.929,142.0,High,92.9,False,Schedule Shift Recommended,Shift part of EV charging demand to off-peak hours.,MG Road at 16:00 is High risk because predicted total load reaches 92.9% of transformer capacity during Day.
Z005,MG Road,17,Evening Peak,True,commercial,2000,1810.01,381.19,2191.2,1.096,-191.2,Critical,100.0,True,Immediate Action,Shift EV charging immediately and restrict fast charging during this hour.,MG Road at 17:00 is Critical because predicted total load reaches 109.6% of transformer capacity.
Z005,MG Road,18,Evening Peak,True,commercial,2000,1770.49,378.14,2148.63,1.074,-148.63,Critical,100.0,True,Immediate Action,Shift EV charging immediately and restrict fast charging during this hour.,MG Road at 18:00 is Critical because predicted total load reaches 107.4% of transformer capacity.
Z005,MG Road,19,Evening Peak,True,commercial,2000,1768.8,384.77,2153.57,1.077,-153.57,Critical,100.0,True,Immediate Action,Shift EV charging immediately and restrict fast charging during this hour.,MG Road at 19:00 is Critical because predicted total load reaches 107.7% of transformer capacity.
Z005,MG Road,20,Evening Peak,True,commercial,2000,1708.81,351.46,2060.27,1.03,-60.27,Critical,100.0,True,Immediate Action,Shift EV charging immediately and restrict fast charging during this hour.,MG Road at 20:00 is Critical because predicted total load reaches 103.0% of transformer capacity.
Z005,MG Road,21,Evening Peak,True,commercial,2000,1586.27,267.29,1853.56,0.927,146.44,High,92.7,False,Schedule Shift Recommended,Shift part of EV charging demand to off-peak hours.,MG Road at 21:00 is High risk because predicted total load reaches 92.7% of transformer capacity during Evening Peak.
Z005,MG Road,22,Evening Peak,True,commercial,2000,1672.5,220.38,1892.88,0.946,107.12,High,94.6,False,Schedule Shift Recommended,Shift part of EV charging demand to off-peak hours.,MG Road at 22:00 is High risk because predicted total load reaches 94.6% of transformer capacity during Evening Peak.
Z005,MG Road,23,Late Night,False,commercial,2000,1272.64,221.65,1494.29,0.747,505.71,Low,74.7,False,Normal,No immediate action required.,MG Road at 23:00 is Low risk because load remains within safe capacity limits.
Z006,Jayanagar,0,Night,False,residential,1234,633.88,256.11,889.99,0.721,344.01,Low,72.1,False,Normal,No immediate action required.,Jayanagar at 00:00 is Low risk because load remains within safe capacity limits.
Z006,Jayanagar,1,Night,False,residential,1234,506.0,285.54,791.54,0.641,442.46,Low,64.1,False,Normal,No immediate action required.,Jayanagar at 01:00 is Low risk because load remains within safe capacity limits.
Z006,Jayanagar,2,Night,False,residential,1234,610.09,276.34,886.43,0.718,347.57,Low,71.8,False,Normal,No immediate action required.,Jayanagar at 02:00 is Low risk because load remains within safe capacity limits.
Z006,Jayanagar,3,Night,False,residential,1234,628.89,275.37,904.26,0.733,329.74,Low,73.3,False,Normal,No immediate action required.,Jayanagar at 03:00 is Low risk because load remains within safe capacity limits.
Z006,Jayanagar,4,Night,False,residential,1234,547.91,256.93,804.84,0.652,429.16,Low,65.2,False,Normal,No immediate action required.,Jayanagar at 04:00 is Low risk because load remains within safe capacity limits.
Z006,Jayanagar,5,Night,False,residential,1234,515.1,280.29,795.39,0.645,438.61,Low,64.5,False,Normal,No immediate action required.,Jayanagar at 05:00 is Low risk because load remains within safe capacity limits.
Z006,Jayanagar,6,Morning,False,residential,1234,702.41,376.36,1078.77,0.874,155.23,Medium,87.4,False,Monitor,Monitor load and encourage off-peak charging.,Jayanagar at 06:00 needs monitoring because load reaches 87.4% of transformer capacity.
Z006,Jayanagar,7,Morning,False,residential,1234,786.22,364.52,1150.74,0.933,83.26,High,93.3,False,Schedule Shift Recommended,Shift part of EV charging demand to off-peak hours.,Jayanagar at 07:00 is High risk because predicted total load reaches 93.3% of transformer capacity during Morning.
Z006,Jayanagar,8,Morning,False,residential,1234,701.36,382.52,1083.88,0.878,150.12,Medium,87.8,False,Monitor,Monitor load and encourage off-peak charging.,Jayanagar at 08:00 needs monitoring because load reaches 87.8% of transformer capacity.
Z006,Jayanagar,9,Morning,False,residential,1234,788.5,338.44,1126.94,0.913,107.06,High,91.3,False,Schedule Shift Recommended,Shift part of EV charging demand to off-peak hours.,Jayanagar at 09:00 is High risk because predicted total load reaches 91.3% of transformer capacity during Morning.
Z006,Jayanagar,10,Day,False,residential,1234,778.78,287.98,1066.76,0.864,167.24,Medium,86.4,False,Monitor,Monitor load and encourage off-peak charging.,Jayanagar at 10:00 needs monitoring because load reaches 86.4% of transformer capacity.
Z006,Jayanagar,11,Day,False,residential,1234,786.21,280.3,1066.51,0.864,167.49,Medium,86.4,False,Monitor,Monitor load and encourage off-peak charging.,Jayanagar at 11:00 needs monitoring because load reaches 86.4% of transformer capacity.
Z006,Jayanagar,12,Day,False,residential,1234,807.33,289.59,1096.92,0.889,137.08,Medium,88.9,False,Monitor,Monitor load and encourage off-peak charging.,Jayanagar at 12:00 needs monitoring because load reaches 88.9% of transformer capacity.
Z006,Jayanagar,13,Day,False,residential,1234,749.25,290.16,1039.41,0.842,194.59,Medium,84.2,False,Monitor,Monitor load and encourage off-peak charging.,Jayanagar at 13:00 needs monitoring because load reaches 84.2% of transformer capacity.
Z006,Jayanagar,14,Day,False,residential,1234,800.64,297.44,1098.08,0.89,135.92,Medium,89.0,False,Monitor,Monitor load and encourage off-peak charging.,Jayanagar at 14:00 needs monitoring because load reaches 89.0% of transformer capacity.
Z006,Jayanagar,15,Day,False,residential,1234,815.49,307.77,1123.26,0.91,110.74,High,91.0,False,Schedule Shift Recommended,Shift part of EV charging demand to off-peak hours.,Jayanagar at 15:00 is High risk because predicted total load reaches 91.0% of transformer capacity during Day.
Z006,Jayanagar,16,Day,False,residential,1234,698.33,336.4,1034.73,0.839,199.27,Medium,83.9,False,Monitor,Monitor load and encourage off-peak charging.,Jayanagar at 16:00 needs monitoring because load reaches 83.9% of transformer capacity.
Z006,Jayanagar,17,Evening Peak,True,residential,1234,894.46,691.31,1585.77,1.285,-351.77,Critical,100.0,True,Immediate Action,Shift EV charging immediately and restrict fast charging during this hour.,Jayanagar at 17:00 is Critical because predicted total load reaches 128.5% of transformer capacity.
Z006,Jayanagar,18,Evening Peak,True,residential,1234,800.3,702.8,1503.1,1.218,-269.1,Critical,100.0,True,Immediate Action,Shift EV charging immediately and restrict fast charging during this hour.,Jayanagar at 18:00 is Critical because predicted total load reaches 121.8% of transformer capacity.
Z006,Jayanagar,19,Evening Peak,True,residential,1234,913.66,728.86,1642.52,1.331,-408.52,Critical,100.0,True,Immediate Action,Shift EV charging immediately and restrict fast charging during this hour.,Jayanagar at 19:00 is Critical because predicted total load reaches 133.1% of transformer capacity.
Z006,Jayanagar,20,Evening Peak,True,residential,1234,895.39,699.19,1594.58,1.292,-360.58,Critical,100.0,True,Immediate Action,Shift EV charging immediately and restrict fast charging during this hour.,Jayanagar at 20:00 is Critical because predicted total load reaches 129.2% of transformer capacity.
Z006,Jayanagar,21,Evening Peak,True,residential,1234,803.73,800.41,1604.14,1.3,-370.14,Critical,100.0,True,Immediate Action,Shift EV charging immediately and restrict fast charging during this hour.,Jayanagar at 21:00 is Critical because predicted total load reaches 130.0% of transformer capacity.
Z006,Jayanagar,22,Evening Peak,True,residential,1234,832.06,797.11,1629.17,1.32,-395.17,Critical,100.0,True,Immediate Action,Shift EV charging immediately and restrict fast charging during this hour.,Jayanagar at 22:00 is Critical because predicted total load reaches 132.0% of transformer capacity.
Z006,Jayanagar,23,Late Night,False,residential,1234,659.57,480.2,1139.77,0.924,94.23,High,92.4,False,Schedule Shift Recommended,Shift part of EV charging demand to off-peak hours.,Jayanagar at 23:00 is High risk because predicted total load reaches 92.4% of transformer capacity during Late Night.
Z007,Hebbal,0,Night,False,mixed,1741,840.16,254.13,1094.29,0.629,646.71,Low,62.9,False,Normal,No immediate action required.,Hebbal at 00:00 is Low risk because load remains within safe capacity limits.
Z007,Hebbal,1,Night,False,mixed,1741,734.54,243.5,978.04,0.562,762.96,Low,56.2,False,Normal,No immediate action required.,Hebbal at 01:00 is Low risk because load remains within safe capacity limits.
Z007,Hebbal,2,Night,False,mixed,1741,850.18,259.72,1109.9,0.638,631.1,Low,63.8,False,Normal,No immediate action required.,Hebbal at 02:00 is Low risk because load remains within safe capacity limits.
Z007,Hebbal,3,Night,False,mixed,1741,724.63,258.77,983.4,0.565,757.6,Low,56.5,False,Normal,No immediate action required.,Hebbal at 03:00 is Low risk because load remains within safe capacity limits.
Z007,Hebbal,4,Night,False,mixed,1741,749.22,240.8,990.02,0.569,750.98,Low,56.9,False,Normal,No immediate action required.,Hebbal at 04:00 is Low risk because load remains within safe capacity limits.
Z007,Hebbal,5,Night,False,mixed,1741,821.74,225.64,1047.38,0.602,693.62,Low,60.2,False,Normal,No immediate action required.,Hebbal at 05:00 is Low risk because load remains within safe capacity limits.
Z007,Hebbal,6,Morning,False,mixed,1741,913.41,427.47,1340.88,0.77,400.12,Medium,77.0,False,Monitor,Monitor load and encourage off-peak charging.,Hebbal at 06:00 needs monitoring because load reaches 77.0% of transformer capacity.
Z007,Hebbal,7,Morning,False,mixed,1741,941.24,396.52,1337.76,0.768,403.24,Medium,76.8,False,Monitor,Monitor load and encourage off-peak charging.,Hebbal at 07:00 needs monitoring because load reaches 76.8% of transformer capacity.
Z007,Hebbal,8,Morning,False,mixed,1741,1112.95,416.14,1529.09,0.878,211.91,Medium,87.8,False,Monitor,Monitor load and encourage off-peak charging.,Hebbal at 08:00 needs monitoring because load reaches 87.8% of transformer capacity.
Z007,Hebbal,9,Morning,False,mixed,1741,1039.83,416.4,1456.23,0.836,284.77,Medium,83.6,False,Monitor,Monitor load and encourage off-peak charging.,Hebbal at 09:00 needs monitoring because load reaches 83.6% of transformer capacity.
Z007,Hebbal,10,Day,False,mixed,1741,1158.91,492.99,1651.9,0.949,89.1,High,94.9,False,Schedule Shift Recommended,Shift part of EV charging demand to off-peak hours.,Hebbal at 10:00 is High risk because predicted total load reaches 94.9% of transformer capacity during Day.
Z007,Hebbal,11,Day,False,mixed,1741,1106.51,508.49,1615.0,0.928,126.0,High,92.8,False,Schedule Shift Recommended,Shift part of EV charging demand to off-peak hours.,Hebbal at 11:00 is High risk because predicted total load reaches 92.8% of transformer capacity during Day.
Z007,Hebbal,12,Day,False,mixed,1741,989.19,542.24,1531.43,0.88,209.57,Medium,88.0,False,Monitor,Monitor load and encourage off-peak charging.,Hebbal at 12:00 needs monitoring because load reaches 88.0% of transformer capacity.
Z007,Hebbal,13,Day,False,mixed,1741,1058.5,492.86,1551.36,0.891,189.64,Medium,89.1,False,Monitor,Monitor load and encourage off-peak charging.,Hebbal at 13:00 needs monitoring because load reaches 89.1% of transformer capacity.
Z007,Hebbal,14,Day,False,mixed,1741,1016.77,519.6,1536.37,0.882,204.63,Medium,88.2,False,Monitor,Monitor load and encourage off-peak charging.,Hebbal at 14:00 needs monitoring because load reaches 88.2% of transformer capacity.
Z007,Hebbal,15,Day,False,mixed,1741,1087.62,526.34,1613.96,0.927,127.04,High,92.7,False,Schedule Shift Recommended,Shift part of EV charging demand to off-peak hours.,Hebbal at 15:00 is High risk because predicted total load reaches 92.7% of transformer capacity during Day.
Z007,Hebbal,16,Day,False,mixed,1741,1044.59,519.84,1564.43,0.899,176.57,Medium,89.9,False,Monitor,Monitor load and encourage off-peak charging.,Hebbal at 16:00 needs monitoring because load reaches 89.9% of transformer capacity.
Z007,Hebbal,17,Evening Peak,True,mixed,1741,1184.67,658.62,1843.29,1.059,-102.29,Critical,100.0,True,Immediate Action,Shift EV charging immediately and restrict fast charging during this hour.,Hebbal at 17:00 is Critical because predicted total load reaches 105.9% of transformer capacity.
Z007,Hebbal,18,Evening Peak,True,mixed,1741,1218.1,693.18,1911.28,1.098,-170.28,Critical,100.0,True,Immediate Action,Shift EV charging immediately and restrict fast charging during this hour.,Hebbal at 18:00 is Critical because predicted total load reaches 109.8% of transformer capacity.
Z007,Hebbal,19,Evening Peak,True,mixed,1741,1237.6,769.05,2006.65,1.153,-265.65,Critical,100.0,True,Immediate Action,Shift EV charging immediately and restrict fast charging during this hour.,Hebbal at 19:00 is Critical because predicted total load reaches 115.3% of transformer capacity.
Z007,Hebbal,20,Evening Peak,True,mixed,1741,1256.04,747.78,2003.82,1.151,-262.82,Critical,100.0,True,Immediate Action,Shift EV charging immediately and restrict fast charging during this hour.,Hebbal at 20:00 is Critical because predicted total load reaches 115.1% of transformer capacity.
Z007,Hebbal,21,Evening Peak,True,mixed,1741,1234.06,743.93,1977.99,1.136,-236.99,Critical,100.0,True,Immediate Action,Shift EV charging immediately and restrict fast charging during this hour.,Hebbal at 21:00 is Critical because predicted total load reaches 113.6% of transformer capacity.
Z007,Hebbal,22,Evening Peak,True,mixed,1741,1193.95,739.57,1933.52,1.111,-192.52,Critical,100.0,True,Immediate Action,Shift EV charging immediately and restrict fast charging during this hour.,Hebbal at 22:00 is Critical because predicted total load reaches 111.1% of transformer capacity.
Z007,Hebbal,23,Late Night,False,mixed,1741,939.47,414.03,1353.5,0.777,387.5,Medium,77.7,False,Monitor,Monitor load and encourage off-peak charging.,Hebbal at 23:00 needs monitoring because load reaches 77.7% of transformer capacity.
Z008,Yelahanka,0,Night,False,residential,1104,512.76,267.88,780.64,0.707,323.36,Low,70.7,False,Normal,No immediate action required.,Yelahanka at 00:00 is Low risk because load remains within safe capacity limits.
Z008,Yelahanka,1,Night,False,residential,1104,555.88,247.98,803.86,0.728,300.14,Low,72.8,False,Normal,No immediate action required.,Yelahanka at 01:00 is Low risk because load remains within safe capacity limits.
Z008,Yelahanka,2,Night,False,residential,1104,451.8,262.79,714.59,0.647,389.41,Low,64.7,False,Normal,No immediate action required.,Yelahanka at 02:00 is Low risk because load remains within safe capacity limits.
Z008,Yelahanka,3,Night,False,residential,1104,480.16,255.59,735.75,0.666,368.25,Low,66.6,False,Normal,No immediate action required.,Yelahanka at 03:00 is Low risk because load remains within safe capacity limits.
Z008,Yelahanka,4,Night,False,residential,1104,484.69,254.39,739.08,0.669,364.92,Low,66.9,False,Normal,No immediate action required.,Yelahanka at 04:00 is Low risk because load remains within safe capacity limits.
Z008,Yelahanka,5,Night,False,residential,1104,554.5,243.91,798.41,0.723,305.59,Low,72.3,False,Normal,No immediate action required.,Yelahanka at 05:00 is Low risk because load remains within safe capacity limits.
Z008,Yelahanka,6,Morning,False,residential,1104,598.89,317.6,916.49,0.83,187.51,Medium,83.0,False,Monitor,Monitor load and encourage off-peak charging.,Yelahanka at 06:00 needs monitoring because load reaches 83.0% of transformer capacity.
Z008,Yelahanka,7,Morning,False,residential,1104,627.63,319.84,947.47,0.858,156.53,Medium,85.8,False,Monitor,Monitor load and encourage off-peak charging.,Yelahanka at 07:00 needs monitoring because load reaches 85.8% of transformer capacity.
Z008,Yelahanka,8,Morning,False,residential,1104,683.01,321.43,1004.44,0.91,99.56,High,91.0,False,Schedule Shift Recommended,Shift part of EV charging demand to off-peak hours.,Yelahanka at 08:00 is High risk because predicted total load reaches 91.0% of transformer capacity during Morning.
Z008,Yelahanka,9,Morning,False,residential,1104,673.94,309.83,983.77,0.891,120.23,Medium,89.1,False,Monitor,Monitor load and encourage off-peak charging.,Yelahanka at 09:00 needs monitoring because load reaches 89.1% of transformer capacity.
Z008,Yelahanka,10,Day,False,residential,1104,613.46,262.11,875.57,0.793,228.43,Medium,79.3,False,Monitor,Monitor load and encourage off-peak charging.,Yelahanka at 10:00 needs monitoring because load reaches 79.3% of transformer capacity.
Z008,Yelahanka,11,Day,False,residential,1104,634.27,265.89,900.16,0.815,203.84,Medium,81.5,False,Monitor,Monitor load and encourage off-peak charging.,Yelahanka at 11:00 needs monitoring because load reaches 81.5% of transformer capacity.
Z008,Yelahanka,12,Day,False,residential,1104,746.52,260.24,1006.76,0.912,97.24,High,91.2,False,Schedule Shift Recommended,Shift part of EV charging demand to off-peak hours.,Yelahanka at 12:00 is High risk because predicted total load reaches 91.2% of transformer capacity during Day.
Z008,Yelahanka,13,Day,False,residential,1104,746.68,260.65,1007.33,0.912,96.67,High,91.2,False,Schedule Shift Recommended,Shift part of EV charging demand to off-peak hours.,Yelahanka at 13:00 is High risk because predicted total load reaches 91.2% of transformer capacity during Day.
Z008,Yelahanka,14,Day,False,residential,1104,665.39,261.33,926.72,0.839,177.28,Medium,83.9,False,Monitor,Monitor load and encourage off-peak charging.,Yelahanka at 14:00 needs monitoring because load reaches 83.9% of transformer capacity.
Z008,Yelahanka,15,Day,False,residential,1104,670.99,273.09,944.08,0.855,159.92,Medium,85.5,False,Monitor,Monitor load and encourage off-peak charging.,Yelahanka at 15:00 needs monitoring because load reaches 85.5% of transformer capacity.
Z008,Yelahanka,16,Day,False,residential,1104,636.61,297.45,934.06,0.846,169.94,Medium,84.6,False,Monitor,Monitor load and encourage off-peak charging.,Yelahanka at 16:00 needs monitoring because load reaches 84.6% of transformer capacity.
Z008,Yelahanka,17,Evening Peak,True,residential,1104,745.67,724.28,1469.95,1.331,-365.95,Critical,100.0,True,Immediate Action,Shift EV charging immediately and restrict fast charging during this hour.,Yelahanka at 17:00 is Critical because predicted total load reaches 133.1% of transformer capacity.
Z008,Yelahanka,18,Evening Peak,True,residential,1104,793.76,727.03,1520.79,1.378,-416.79,Critical,100.0,True,Immediate Action,Shift EV charging immediately and restrict fast charging during this hour.,Yelahanka at 18:00 is Critical because predicted total load reaches 137.8% of transformer capacity.
Z008,Yelahanka,19,Evening Peak,True,residential,1104,747.14,771.58,1518.72,1.376,-414.72,Critical,100.0,True,Immediate Action,Shift EV charging immediately and restrict fast charging during this hour.,Yelahanka at 19:00 is Critical because predicted total load reaches 137.6% of transformer capacity.
Z008,Yelahanka,20,Evening Peak,True,residential,1104,802.28,783.45,1585.73,1.436,-481.73,Critical,100.0,True,Immediate Action,Shift EV charging immediately and restrict fast charging during this hour.,Yelahanka at 20:00 is Critical because predicted total load reaches 143.6% of transformer capacity.
Z008,Yelahanka,21,Evening Peak,True,residential,1104,721.9,784.26,1506.16,1.364,-402.16,Critical,100.0,True,Immediate Action,Shift EV charging immediately and restrict fast charging during this hour.,Yelahanka at 21:00 is Critical because predicted total load reaches 136.4% of transformer capacity.
Z008,Yelahanka,22,Evening Peak,True,residential,1104,760.03,793.98,1554.01,1.408,-450.01,Critical,100.0,True,Immediate Action,Shift EV charging immediately and restrict fast charging during this hour.,Yelahanka at 22:00 is Critical because predicted total load reaches 140.8% of transformer capacity.
Z008,Yelahanka,23,Late Night,False,residential,1104,588.4,448.7,1037.1,0.939,66.9,High,93.9,False,Schedule Shift Recommended,Shift part of EV charging demand to off-peak hours.,Yelahanka at 23:00 is High risk because predicted total load reaches 93.9% of transformer capacity during Late Night.
Z009,BTM Layout,0,Night,False,residential,1048,454.22,215.87,670.09,0.639,377.91,Low,63.9,False,Normal,No immediate action required.,BTM Layout at 00:00 is Low risk because load remains within safe capacity limits.
Z009,BTM Layout,1,Night,False,residential,1048,392.09,209.58,601.67,0.574,446.33,Low,57.4,False,Normal,No immediate action required.,BTM Layout at 01:00 is Low risk because load remains within safe capacity limits.
Z009,BTM Layout,2,Night,False,residential,1048,366.36,223.23,589.59,0.563,458.41,Low,56.3,False,Normal,No immediate action required.,BTM Layout at 02:00 is Low risk because load remains within safe capacity limits.
Z009,BTM Layout,3,Night,False,residential,1048,423.79,200.54,624.33,0.596,423.67,Low,59.6,False,Normal,No immediate action required.,BTM Layout at 03:00 is Low risk because load remains within safe capacity limits.
Z009,BTM Layout,4,Night,False,residential,1048,375.82,195.36,571.18,0.545,476.82,Low,54.5,False,Normal,No immediate action required.,BTM Layout at 04:00 is Low risk because load remains within safe capacity limits.
Z009,BTM Layout,5,Night,False,residential,1048,403.84,205.89,609.73,0.582,438.27,Low,58.2,False,Normal,No immediate action required.,BTM Layout at 05:00 is Low risk because load remains within safe capacity limits.
Z009,BTM Layout,6,Morning,False,residential,1048,464.9,290.51,755.41,0.721,292.59,Low,72.1,False,Normal,No immediate action required.,BTM Layout at 06:00 is Low risk because load remains within safe capacity limits.
Z009,BTM Layout,7,Morning,False,residential,1048,533.31,324.5,857.81,0.819,190.19,Medium,81.9,False,Monitor,Monitor load and encourage off-peak charging.,BTM Layout at 07:00 needs monitoring because load reaches 81.9% of transformer capacity.
Z009,BTM Layout,8,Morning,False,residential,1048,516.24,320.74,836.98,0.799,211.02,Medium,79.9,False,Monitor,Monitor load and encourage off-peak charging.,BTM Layout at 08:00 needs monitoring because load reaches 79.9% of transformer capacity.
Z009,BTM Layout,9,Morning,False,residential,1048,542.8,316.14,858.94,0.82,189.06,Medium,82.0,False,Monitor,Monitor load and encourage off-peak charging.,BTM Layout at 09:00 needs monitoring because load reaches 82.0% of transformer capacity.
Z009,BTM Layout,10,Day,False,residential,1048,586.05,252.31,838.36,0.8,209.64,Medium,80.0,False,Monitor,Monitor load and encourage off-peak charging.,BTM Layout at 10:00 needs monitoring because load reaches 80.0% of transformer capacity.
Z009,BTM Layout,11,Day,False,residential,1048,539.46,267.1,806.56,0.77,241.44,Medium,77.0,False,Monitor,Monitor load and encourage off-peak charging.,BTM Layout at 11:00 needs monitoring because load reaches 77.0% of transformer capacity.
Z009,BTM Layout,12,Day,False,residential,1048,597.3,269.75,867.05,0.827,180.95,Medium,82.7,False,Monitor,Monitor load and encourage off-peak charging.,BTM Layout at 12:00 needs monitoring because load reaches 82.7% of transformer capacity.
Z009,BTM Layout,13,Day,False,residential,1048,571.53,263.02,834.55,0.796,213.45,Medium,79.6,False,Monitor,Monitor load and encourage off-peak charging.,BTM Layout at 13:00 needs monitoring because load reaches 79.6% of transformer capacity.
Z009,BTM Layout,14,Day,False,residential,1048,504.93,253.89,758.82,0.724,289.18,Low,72.4,False,Normal,No immediate action required.,BTM Layout at 14:00 is Low risk because load remains within safe capacity limits.
Z009,BTM Layout,15,Day,False,residential,1048,544.88,277.09,821.97,0.784,226.03,Medium,78.4,False,Monitor,Monitor load and encourage off-peak charging.,BTM Layout at 15:00 needs monitoring because load reaches 78.4% of transformer capacity.
Z009,BTM Layout,16,Day,False,residential,1048,598.19,289.18,887.37,0.847,160.63,Medium,84.7,False,Monitor,Monitor load and encourage off-peak charging.,BTM Layout at 16:00 needs monitoring because load reaches 84.7% of transformer capacity.
Z009,BTM Layout,17,Evening Peak,True,residential,1048,582.56,670.52,1253.08,1.196,-205.08,Critical,100.0,True,Immediate Action,Shift EV charging immediately and restrict fast charging during this hour.,BTM Layout at 17:00 is Critical because predicted total load reaches 119.6% of transformer capacity.
Z009,BTM Layout,18,Evening Peak,True,residential,1048,674.28,674.16,1348.44,1.287,-300.44,Critical,100.0,True,Immediate Action,Shift EV charging immediately and restrict fast charging during this hour.,BTM Layout at 18:00 is Critical because predicted total load reaches 128.7% of transformer capacity.
Z009,BTM Layout,19,Evening Peak,True,residential,1048,614.0,667.08,1281.08,1.222,-233.08,Critical,100.0,True,Immediate Action,Shift EV charging immediately and restrict fast charging during this hour.,BTM Layout at 19:00 is Critical because predicted total load reaches 122.2% of transformer capacity.
Z009,BTM Layout,20,Evening Peak,True,residential,1048,647.04,686.83,1333.87,1.273,-285.87,Critical,100.0,True,Immediate Action,Shift EV charging immediately and restrict fast charging during this hour.,BTM Layout at 20:00 is Critical because predicted total load reaches 127.3% of transformer capacity.
Z009,BTM Layout,21,Evening Peak,True,residential,1048,667.81,690.32,1358.13,1.296,-310.13,Critical,100.0,True,Immediate Action,Shift EV charging immediately and restrict fast charging during this hour.,BTM Layout at 21:00 is Critical because predicted total load reaches 129.6% of transformer capacity.
Z009,BTM Layout,22,Evening Peak,True,residential,1048,578.65,643.51,1222.16,1.166,-174.16,Critical,100.0,True,Immediate Action,Shift EV charging immediately and restrict fast charging during this hour.,BTM Layout at 22:00 is Critical because predicted total load reaches 116.6% of transformer capacity.
Z009,BTM Layout,23,Late Night,False,residential,1048,479.78,381.29,861.07,0.822,186.93,Medium,82.2,False,Monitor,Monitor load and encourage off-peak charging.,BTM Layout at 23:00 needs monitoring because load reaches 82.2% of transformer capacity.
Z010,Rajajinagar,0,Night,False,mixed,2110,1124.78,220.16,1344.94,0.637,765.06,Low,63.7,False,Normal,No immediate action required.,Rajajinagar at 00:00 is Low risk because load remains within safe capacity limits.
Z010,Rajajinagar,1,Night,False,mixed,2110,1187.31,223.04,1410.35,0.668,699.65,Low,66.8,False,Normal,No immediate action required.,Rajajinagar at 01:00 is Low risk because load remains within safe capacity limits.
Z010,Rajajinagar,2,Night,False,mixed,2110,1175.04,226.75,1401.79,0.664,708.21,Low,66.4,False,Normal,No immediate action required.,Rajajinagar at 02:00 is Low risk because load remains within safe capacity limits.
Z010,Rajajinagar,3,Night,False,mixed,2110,1016.42,228.06,1244.48,0.59,865.52,Low,59.0,False,Normal,No immediate action required.,Rajajinagar at 03:00 is Low risk because load remains within safe capacity limits.
Z010,Rajajinagar,4,Night,False,mixed,2110,1009.51,227.05,1236.56,0.586,873.44,Low,58.6,False,Normal,No immediate action required.,Rajajinagar at 04:00 is Low risk because load remains within safe capacity limits.
Z010,Rajajinagar,5,Night,False,mixed,2110,955.09,221.88,1176.97,0.558,933.03,Low,55.8,False,Normal,No immediate action required.,Rajajinagar at 05:00 is Low risk because load remains within safe capacity limits.
Z010,Rajajinagar,6,Morning,False,mixed,2110,1448.45,390.38,1838.83,0.871,271.17,Medium,87.1,False,Monitor,Monitor load and encourage off-peak charging.,Rajajinagar at 06:00 needs monitoring because load reaches 87.1% of transformer capacity.
Z010,Rajajinagar,7,Morning,False,mixed,2110,1334.03,382.59,1716.62,0.814,393.38,Medium,81.4,False,Monitor,Monitor load and encourage off-peak charging.,Rajajinagar at 07:00 needs monitoring because load reaches 81.4% of transformer capacity.
Z010,Rajajinagar,8,Morning,False,mixed,2110,1502.91,404.54,1907.45,0.904,202.55,High,90.4,False,Schedule Shift Recommended,Shift part of EV charging demand to off-peak hours.,Rajajinagar at 08:00 is High risk because predicted total load reaches 90.4% of transformer capacity during Morning.
Z010,Rajajinagar,9,Morning,False,mixed,2110,1329.57,411.8,1741.37,0.825,368.63,Medium,82.5,False,Monitor,Monitor load and encourage off-peak charging.,Rajajinagar at 09:00 needs monitoring because load reaches 82.5% of transformer capacity.
Z010,Rajajinagar,10,Day,False,mixed,2110,1327.28,470.06,1797.34,0.852,312.66,Medium,85.2,False,Monitor,Monitor load and encourage off-peak charging.,Rajajinagar at 10:00 needs monitoring because load reaches 85.2% of transformer capacity.
Z010,Rajajinagar,11,Day,False,mixed,2110,1346.65,478.12,1824.77,0.865,285.23,Medium,86.5,False,Monitor,Monitor load and encourage off-peak charging.,Rajajinagar at 11:00 needs monitoring because load reaches 86.5% of transformer capacity.
Z010,Rajajinagar,12,Day,False,mixed,2110,1470.53,508.59,1979.12,0.938,130.88,High,93.8,False,Schedule Shift Recommended,Shift part of EV charging demand to off-peak hours.,Rajajinagar at 12:00 is High risk because predicted total load reaches 93.8% of transformer capacity during Day.
Z010,Rajajinagar,13,Day,False,mixed,2110,1563.52,533.32,2096.84,0.994,13.16,High,99.4,False,Schedule Shift Recommended,Shift part of EV charging demand to off-peak hours.,Rajajinagar at 13:00 is High risk because predicted total load reaches 99.4% of transformer capacity during Day.
Z010,Rajajinagar,14,Day,False,mixed,2110,1370.29,543.36,1913.65,0.907,196.35,High,90.7,False,Schedule Shift Recommended,Shift part of EV charging demand to off-peak hours.,Rajajinagar at 14:00 is High risk because predicted total load reaches 90.7% of transformer capacity during Day.
Z010,Rajajinagar,15,Day,False,mixed,2110,1381.98,553.76,1935.74,0.917,174.26,High,91.7,False,Schedule Shift Recommended,Shift part of EV charging demand to off-peak hours.,Rajajinagar at 15:00 is High risk because predicted total load reaches 91.7% of transformer capacity during Day.
Z010,Rajajinagar,16,Day,False,mixed,2110,1501.4,533.89,2035.29,0.965,74.71,High,96.5,False,Schedule Shift Recommended,Shift part of EV charging demand to off-peak hours.,Rajajinagar at 16:00 is High risk because predicted total load reaches 96.5% of transformer capacity during Day.
Z010,Rajajinagar,17,Evening Peak,True,mixed,2110,1589.34,660.7,2250.04,1.066,-140.04,Critical,100.0,True,Immediate Action,Shift EV charging immediately and restrict fast charging during this hour.,Rajajinagar at 17:00 is Critical because predicted total load reaches 106.6% of transformer capacity.
Z010,Rajajinagar,18,Evening Peak,True,mixed,2110,1548.12,693.29,2241.41,1.062,-131.41,Critical,100.0,True,Immediate Action,Shift EV charging immediately and restrict fast charging during this hour.,Rajajinagar at 18:00 is Critical because predicted total load reaches 106.2% of transformer capacity.
Z010,Rajajinagar,19,Evening Peak,True,mixed,2110,1664.41,744.75,2409.16,1.142,-299.16,Critical,100.0,True,Immediate Action,Shift EV charging immediately and restrict fast charging during this hour.,Rajajinagar at 19:00 is Critical because predicted total load reaches 114.2% of transformer capacity.
Z010,Rajajinagar,20,Evening Peak,True,mixed,2110,1629.15,722.69,2351.84,1.115,-241.84,Critical,100.0,True,Immediate Action,Shift EV charging immediately and restrict fast charging during this hour.,Rajajinagar at 20:00 is Critical because predicted total load reaches 111.5% of transformer capacity.
Z010,Rajajinagar,21,Evening Peak,True,mixed,2110,1696.8,703.66,2400.46,1.138,-290.46,Critical,100.0,True,Immediate Action,Shift EV charging immediately and restrict fast charging during this hour.,Rajajinagar at 21:00 is Critical because predicted total load reaches 113.8% of transformer capacity.
Z010,Rajajinagar,22,Evening Peak,True,mixed,2110,1729.17,689.03,2418.2,1.146,-308.2,Critical,100.0,True,Immediate Action,Shift EV charging immediately and restrict fast charging during this hour.,Rajajinagar at 22:00 is Critical because predicted total load reaches 114.6% of transformer capacity.
Z010,Rajajinagar,23,Late Night,False,mixed,2110,1095.89,397.17,1493.06,0.708,616.94,Low,70.8,False,Normal,No immediate action required.,Rajajinagar at 23:00 is Low risk because load remains within safe capacity limits.
Z011,Marathahalli,0,Night,False,mixed,2112,942.94,186.91,1129.85,0.535,982.15,Low,53.5,False,Normal,No immediate action required.,Marathahalli at 00:00 is Low risk because load remains within safe capacity limits.
Z011,Marathahalli,1,Night,False,mixed,2112,1054.97,176.07,1231.04,0.583,880.96,Low,58.3,False,Normal,No immediate action required.,Marathahalli at 01:00 is Low risk because load remains within safe capacity limits.
Z011,Marathahalli,2,Night,False,mixed,2112,876.11,183.2,1059.31,0.502,1052.69,Low,50.2,False,Normal,No immediate action required.,Marathahalli at 02:00 is Low risk because load remains within safe capacity limits.
Z011,Marathahalli,3,Night,False,mixed,2112,943.78,190.55,1134.33,0.537,977.67,Low,53.7,False,Normal,No immediate action required.,Marathahalli at 03:00 is Low risk because load remains within safe capacity limits.
Z011,Marathahalli,4,Night,False,mixed,2112,842.42,197.31,1039.73,0.492,1072.27,Low,49.2,False,Normal,No immediate action required.,Marathahalli at 04:00 is Low risk because load remains within safe capacity limits.
Z011,Marathahalli,5,Night,False,mixed,2112,989.42,188.41,1177.83,0.558,934.17,Low,55.8,False,Normal,No immediate action required.,Marathahalli at 05:00 is Low risk because load remains within safe capacity limits.
Z011,Marathahalli,6,Morning,False,mixed,2112,1163.82,354.63,1518.45,0.719,593.55,Low,71.9,False,Normal,No immediate action required.,Marathahalli at 06:00 is Low risk because load remains within safe capacity limits.
Z011,Marathahalli,7,Morning,False,mixed,2112,1093.13,361.51,1454.64,0.689,657.36,Low,68.9,False,Normal,No immediate action required.,Marathahalli at 07:00 is Low risk because load remains within safe capacity limits.
Z011,Marathahalli,8,Morning,False,mixed,2112,1192.4,352.45,1544.85,0.731,567.15,Low,73.1,False,Normal,No immediate action required.,Marathahalli at 08:00 is Low risk because load remains within safe capacity limits.
Z011,Marathahalli,9,Morning,False,mixed,2112,1173.14,351.68,1524.82,0.722,587.18,Low,72.2,False,Normal,No immediate action required.,Marathahalli at 09:00 is Low risk because load remains within safe capacity limits.
Z011,Marathahalli,10,Day,False,mixed,2112,1192.94,462.79,1655.73,0.784,456.27,Medium,78.4,False,Monitor,Monitor load and encourage off-peak charging.,Marathahalli at 10:00 needs monitoring because load reaches 78.4% of transformer capacity.
Z011,Marathahalli,11,Day,False,mixed,2112,1247.95,500.17,1748.12,0.828,363.88,Medium,82.8,False,Monitor,Monitor load and encourage off-peak charging.,Marathahalli at 11:00 needs monitoring because load reaches 82.8% of transformer capacity.
Z011,Marathahalli,12,Day,False,mixed,2112,1210.58,496.15,1706.73,0.808,405.27,Medium,80.8,False,Monitor,Monitor load and encourage off-peak charging.,Marathahalli at 12:00 needs monitoring because load reaches 80.8% of transformer capacity.
Z011,Marathahalli,13,Day,False,mixed,2112,1243.17,479.99,1723.16,0.816,388.84,Medium,81.6,False,Monitor,Monitor load and encourage off-peak charging.,Marathahalli at 13:00 needs monitoring because load reaches 81.6% of transformer capacity.
Z011,Marathahalli,14,Day,False,mixed,2112,1139.57,443.76,1583.33,0.75,528.67,Medium,75.0,False,Monitor,Monitor load and encourage off-peak charging.,Marathahalli at 14:00 needs monitoring because load reaches 75.0% of transformer capacity.
Z011,Marathahalli,15,Day,False,mixed,2112,1130.02,448.92,1578.94,0.748,533.06,Low,74.8,False,Normal,No immediate action required.,Marathahalli at 15:00 is Low risk because load remains within safe capacity limits.
Z011,Marathahalli,16,Day,False,mixed,2112,1155.42,465.22,1620.64,0.767,491.36,Medium,76.7,False,Monitor,Monitor load and encourage off-peak charging.,Marathahalli at 16:00 needs monitoring because load reaches 76.7% of transformer capacity.
Z011,Marathahalli,17,Evening Peak,True,mixed,2112,1458.29,704.05,2162.34,1.024,-50.34,Critical,100.0,True,Immediate Action,Shift EV charging immediately and restrict fast charging during this hour.,Marathahalli at 17:00 is Critical because predicted total load reaches 102.4% of transformer capacity.
Z011,Marathahalli,18,Evening Peak,True,mixed,2112,1316.84,744.97,2061.81,0.976,50.19,High,97.6,False,Schedule Shift Recommended,Shift part of EV charging demand to off-peak hours.,Marathahalli at 18:00 is High risk because predicted total load reaches 97.6% of transformer capacity during Evening Peak.
Z011,Marathahalli,19,Evening Peak,True,mixed,2112,1356.43,748.45,2104.88,0.997,7.12,High,99.7,False,Schedule Shift Recommended,Shift part of EV charging demand to off-peak hours.,Marathahalli at 19:00 is High risk because predicted total load reaches 99.7% of transformer capacity during Evening Peak.
Z011,Marathahalli,20,Evening Peak,True,mixed,2112,1379.37,739.27,2118.64,1.003,-6.64,Critical,100.0,True,Immediate Action,Shift EV charging immediately and restrict fast charging during this hour.,Marathahalli at 20:00 is Critical because predicted total load reaches 100.3% of transformer capacity.
Z011,Marathahalli,21,Evening Peak,True,mixed,2112,1466.87,690.16,2157.03,1.021,-45.03,Critical,100.0,True,Immediate Action,Shift EV charging immediately and restrict fast charging during this hour.,Marathahalli at 21:00 is Critical because predicted total load reaches 102.1% of transformer capacity.
Z011,Marathahalli,22,Evening Peak,True,mixed,2112,1519.43,652.09,2171.52,1.028,-59.52,Critical,100.0,True,Immediate Action,Shift EV charging immediately and restrict fast charging during this hour.,Marathahalli at 22:00 is Critical because predicted total load reaches 102.8% of transformer capacity.
Z011,Marathahalli,23,Late Night,False,mixed,2112,1052.66,329.03,1381.69,0.654,730.31,Low,65.4,False,Normal,No immediate action required.,Marathahalli at 23:00 is Low risk because load remains within safe capacity limits.
Z012,Banashankari,0,Night,False,residential,1075,368.89,194.49,563.38,0.524,511.62,Low,52.4,False,Normal,No immediate action required.,Banashankari at 00:00 is Low risk because load remains within safe capacity limits.
Z012,Banashankari,1,Night,False,residential,1075,371.88,186.24,558.12,0.519,516.88,Low,51.9,False,Normal,No immediate action required.,Banashankari at 01:00 is Low risk because load remains within safe capacity limits.
Z012,Banashankari,2,Night,False,residential,1075,411.03,200.64,611.67,0.569,463.33,Low,56.9,False,Normal,No immediate action required.,Banashankari at 02:00 is Low risk because load remains within safe capacity limits.
Z012,Banashankari,3,Night,False,residential,1075,368.84,227.67,596.51,0.555,478.49,Low,55.5,False,Normal,No immediate action required.,Banashankari at 03:00 is Low risk because load remains within safe capacity limits.
Z012,Banashankari,4,Night,False,residential,1075,349.08,230.81,579.89,0.539,495.11,Low,53.9,False,Normal,No immediate action required.,Banashankari at 04:00 is Low risk because load remains within safe capacity limits.
Z012,Banashankari,5,Night,False,residential,1075,353.93,233.52,587.45,0.546,487.55,Low,54.6,False,Normal,No immediate action required.,Banashankari at 05:00 is Low risk because load remains within safe capacity limits.
Z012,Banashankari,6,Morning,False,residential,1075,439.86,270.74,710.6,0.661,364.4,Low,66.1,False,Normal,No immediate action required.,Banashankari at 06:00 is Low risk because load remains within safe capacity limits.
Z012,Banashankari,7,Morning,False,residential,1075,499.9,278.82,778.72,0.724,296.28,Low,72.4,False,Normal,No immediate action required.,Banashankari at 07:00 is Low risk because load remains within safe capacity limits.
Z012,Banashankari,8,Morning,False,residential,1075,530.48,301.87,832.35,0.774,242.65,Medium,77.4,False,Monitor,Monitor load and encourage off-peak charging.,Banashankari at 08:00 needs monitoring because load reaches 77.4% of transformer capacity.
Z012,Banashankari,9,Morning,False,residential,1075,467.7,270.69,738.39,0.687,336.61,Low,68.7,False,Normal,No immediate action required.,Banashankari at 09:00 is Low risk because load remains within safe capacity limits.
Z012,Banashankari,10,Day,False,residential,1075,495.78,263.05,758.83,0.706,316.17,Low,70.6,False,Normal,No immediate action required.,Banashankari at 10:00 is Low risk because load remains within safe capacity limits.
Z012,Banashankari,11,Day,False,residential,1075,467.18,266.03,733.21,0.682,341.79,Low,68.2,False,Normal,No immediate action required.,Banashankari at 11:00 is Low risk because load remains within safe capacity limits.
Z012,Banashankari,12,Day,False,residential,1075,555.66,252.23,807.89,0.752,267.11,Medium,75.2,False,Monitor,Monitor load and encourage off-peak charging.,Banashankari at 12:00 needs monitoring because load reaches 75.2% of transformer capacity.
Z012,Banashankari,13,Day,False,residential,1075,522.54,260.31,782.85,0.728,292.15,Low,72.8,False,Normal,No immediate action required.,Banashankari at 13:00 is Low risk because load remains within safe capacity limits.
Z012,Banashankari,14,Day,False,residential,1075,540.34,262.2,802.54,0.747,272.46,Low,74.7,False,Normal,No immediate action required.,Banashankari at 14:00 is Low risk because load remains within safe capacity limits.
Z012,Banashankari,15,Day,False,residential,1075,566.99,263.09,830.08,0.772,244.92,Medium,77.2,False,Monitor,Monitor load and encourage off-peak charging.,Banashankari at 15:00 needs monitoring because load reaches 77.2% of transformer capacity.
Z012,Banashankari,16,Day,False,residential,1075,466.59,284.47,751.06,0.699,323.94,Low,69.9,False,Normal,No immediate action required.,Banashankari at 16:00 is Low risk because load remains within safe capacity limits.
Z012,Banashankari,17,Evening Peak,True,residential,1075,585.03,668.75,1253.78,1.166,-178.78,Critical,100.0,True,Immediate Action,Shift EV charging immediately and restrict fast charging during this hour.,Banashankari at 17:00 is Critical because predicted total load reaches 116.6% of transformer capacity.
Z012,Banashankari,18,Evening Peak,True,residential,1075,583.69,660.63,1244.32,1.158,-169.32,Critical,100.0,True,Immediate Action,Shift EV charging immediately and restrict fast charging during this hour.,Banashankari at 18:00 is Critical because predicted total load reaches 115.8% of transformer capacity.
Z012,Banashankari,19,Evening Peak,True,residential,1075,642.27,649.91,1292.18,1.202,-217.18,Critical,100.0,True,Immediate Action,Shift EV charging immediately and restrict fast charging during this hour.,Banashankari at 19:00 is Critical because predicted total load reaches 120.2% of transformer capacity.
Z012,Banashankari,20,Evening Peak,True,residential,1075,631.67,692.84,1324.51,1.232,-249.51,Critical,100.0,True,Immediate Action,Shift EV charging immediately and restrict fast charging during this hour.,Banashankari at 20:00 is Critical because predicted total load reaches 123.2% of transformer capacity.
Z012,Banashankari,21,Evening Peak,True,residential,1075,591.43,707.4,1298.83,1.208,-223.83,Critical,100.0,True,Immediate Action,Shift EV charging immediately and restrict fast charging during this hour.,Banashankari at 21:00 is Critical because predicted total load reaches 120.8% of transformer capacity.
Z012,Banashankari,22,Evening Peak,True,residential,1075,582.04,673.22,1255.26,1.168,-180.26,Critical,100.0,True,Immediate Action,Shift EV charging immediately and restrict fast charging during this hour.,Banashankari at 22:00 is Critical because predicted total load reaches 116.8% of transformer capacity.
Z012,Banashankari,23,Late Night,False,residential,1075,444.45,400.89,845.34,0.786,229.66,Medium,78.6,False,Monitor,Monitor load and encourage off-peak charging.,Banashankari at 23:00 needs monitoring because load reaches 78.6% of transformer capacity.
Z013,HSR Layout,0,Night,False,residential,1731,747.41,335.81,1083.22,0.626,647.78,Low,62.6,False,Normal,No immediate action required.,HSR Layout at 00:00 is Low risk because load remains within safe capacity limits.
Z013,HSR Layout,1,Night,False,residential,1731,901.92,281.53,1183.45,0.684,547.55,Low,68.4,False,Normal,No immediate action required.,HSR Layout at 01:00 is Low risk because load remains within safe capacity limits.
Z013,HSR Layout,2,Night,False,residential,1731,889.77,279.62,1169.39,0.676,561.61,Low,67.6,False,Normal,No immediate action required.,HSR Layout at 02:00 is Low risk because load remains within safe capacity limits.
Z013,HSR Layout,3,Night,False,residential,1731,808.13,323.94,1132.07,0.654,598.93,Low,65.4,False,Normal,No immediate action required.,HSR Layout at 03:00 is Low risk because load remains within safe capacity limits.
Z013,HSR Layout,4,Night,False,residential,1731,812.02,300.37,1112.39,0.643,618.61,Low,64.3,False,Normal,No immediate action required.,HSR Layout at 04:00 is Low risk because load remains within safe capacity limits.
Z013,HSR Layout,5,Night,False,residential,1731,853.54,284.61,1138.15,0.658,592.85,Low,65.8,False,Normal,No immediate action required.,HSR Layout at 05:00 is Low risk because load remains within safe capacity limits.
Z013,HSR Layout,6,Morning,False,residential,1731,1155.3,367.75,1523.05,0.88,207.95,Medium,88.0,False,Monitor,Monitor load and encourage off-peak charging.,HSR Layout at 06:00 needs monitoring because load reaches 88.0% of transformer capacity.
Z013,HSR Layout,7,Morning,False,residential,1731,1030.94,374.17,1405.11,0.812,325.89,Medium,81.2,False,Monitor,Monitor load and encourage off-peak charging.,HSR Layout at 07:00 needs monitoring because load reaches 81.2% of transformer capacity.
Z013,HSR Layout,8,Morning,False,residential,1731,983.19,382.43,1365.62,0.789,365.38,Medium,78.9,False,Monitor,Monitor load and encourage off-peak charging.,HSR Layout at 08:00 needs monitoring because load reaches 78.9% of transformer capacity.
Z013,HSR Layout,9,Morning,False,residential,1731,1159.65,359.69,1519.34,0.878,211.66,Medium,87.8,False,Monitor,Monitor load and encourage off-peak charging.,HSR Layout at 09:00 needs monitoring because load reaches 87.8% of transformer capacity.
Z013,HSR Layout,10,Day,False,residential,1731,1170.48,351.21,1521.69,0.879,209.31,Medium,87.9,False,Monitor,Monitor load and encourage off-peak charging.,HSR Layout at 10:00 needs monitoring because load reaches 87.9% of transformer capacity.
Z013,HSR Layout,11,Day,False,residential,1731,1047.63,337.28,1384.91,0.8,346.09,Medium,80.0,False,Monitor,Monitor load and encourage off-peak charging.,HSR Layout at 11:00 needs monitoring because load reaches 80.0% of transformer capacity.
Z013,HSR Layout,12,Day,False,residential,1731,1106.96,330.59,1437.55,0.83,293.45,Medium,83.0,False,Monitor,Monitor load and encourage off-peak charging.,HSR Layout at 12:00 needs monitoring because load reaches 83.0% of transformer capacity.
Z013,HSR Layout,13,Day,False,residential,1731,1109.88,332.53,1442.41,0.833,288.59,Medium,83.3,False,Monitor,Monitor load and encourage off-peak charging.,HSR Layout at 13:00 needs monitoring because load reaches 83.3% of transformer capacity.
Z013,HSR Layout,14,Day,False,residential,1731,1113.0,351.07,1464.07,0.846,266.93,Medium,84.6,False,Monitor,Monitor load and encourage off-peak charging.,HSR Layout at 14:00 needs monitoring because load reaches 84.6% of transformer capacity.
Z013,HSR Layout,15,Day,False,residential,1731,1068.28,364.58,1432.86,0.828,298.14,Medium,82.8,False,Monitor,Monitor load and encourage off-peak charging.,HSR Layout at 15:00 needs monitoring because load reaches 82.8% of transformer capacity.
Z013,HSR Layout,16,Day,False,residential,1731,1203.49,362.27,1565.76,0.905,165.24,High,90.5,False,Schedule Shift Recommended,Shift part of EV charging demand to off-peak hours.,HSR Layout at 16:00 is High risk because predicted total load reaches 90.5% of transformer capacity during Day.
Z013,HSR Layout,17,Evening Peak,True,residential,1731,1382.03,851.44,2233.47,1.29,-502.47,Critical,100.0,True,Immediate Action,Shift EV charging immediately and restrict fast charging during this hour.,HSR Layout at 17:00 is Critical because predicted total load reaches 129.0% of transformer capacity.
Z013,HSR Layout,18,Evening Peak,True,residential,1731,1237.54,843.84,2081.38,1.202,-350.38,Critical,100.0,True,Immediate Action,Shift EV charging immediately and restrict fast charging during this hour.,HSR Layout at 18:00 is Critical because predicted total load reaches 120.2% of transformer capacity.
Z013,HSR Layout,19,Evening Peak,True,residential,1731,1358.14,879.47,2237.61,1.293,-506.61,Critical,100.0,True,Immediate Action,Shift EV charging immediately and restrict fast charging during this hour.,HSR Layout at 19:00 is Critical because predicted total load reaches 129.3% of transformer capacity.
Z013,HSR Layout,20,Evening Peak,True,residential,1731,1206.53,843.28,2049.81,1.184,-318.81,Critical,100.0,True,Immediate Action,Shift EV charging immediately and restrict fast charging during this hour.,HSR Layout at 20:00 is Critical because predicted total load reaches 118.4% of transformer capacity.
Z013,HSR Layout,21,Evening Peak,True,residential,1731,1359.51,894.68,2254.19,1.302,-523.19,Critical,100.0,True,Immediate Action,Shift EV charging immediately and restrict fast charging during this hour.,HSR Layout at 21:00 is Critical because predicted total load reaches 130.2% of transformer capacity.
Z013,HSR Layout,22,Evening Peak,True,residential,1731,1235.66,869.27,2104.93,1.216,-373.93,Critical,100.0,True,Immediate Action,Shift EV charging immediately and restrict fast charging during this hour.,HSR Layout at 22:00 is Critical because predicted total load reaches 121.6% of transformer capacity.
Z013,HSR Layout,23,Late Night,False,residential,1731,962.5,452.99,1415.49,0.818,315.51,Medium,81.8,False,Monitor,Monitor load and encourage off-peak charging.,HSR Layout at 23:00 needs monitoring because load reaches 81.8% of transformer capacity.
Z014,KR Puram,0,Night,False,mixed,2094,1007.65,184.64,1192.29,0.569,901.71,Low,56.9,False,Normal,No immediate action required.,KR Puram at 00:00 is Low risk because load remains within safe capacity limits.
Z014,KR Puram,1,Night,False,mixed,2094,805.44,200.03,1005.47,0.48,1088.53,Low,48.0,False,Normal,No immediate action required.,KR Puram at 01:00 is Low risk because load remains within safe capacity limits.
Z014,KR Puram,2,Night,False,mixed,2094,824.45,209.23,1033.68,0.494,1060.32,Low,49.4,False,Normal,No immediate action required.,KR Puram at 02:00 is Low risk because load remains within safe capacity limits.
Z014,KR Puram,3,Night,False,mixed,2094,840.26,215.24,1055.5,0.504,1038.5,Low,50.4,False,Normal,No immediate action required.,KR Puram at 03:00 is Low risk because load remains within safe capacity limits.
Z014,KR Puram,4,Night,False,mixed,2094,991.55,197.26,1188.81,0.568,905.19,Low,56.8,False,Normal,No immediate action required.,KR Puram at 04:00 is Low risk because load remains within safe capacity limits.
Z014,KR Puram,5,Night,False,mixed,2094,841.02,199.34,1040.36,0.497,1053.64,Low,49.7,False,Normal,No immediate action required.,KR Puram at 05:00 is Low risk because load remains within safe capacity limits.
Z014,KR Puram,6,Morning,False,mixed,2094,1247.68,383.02,1630.7,0.779,463.3,Medium,77.9,False,Monitor,Monitor load and encourage off-peak charging.,KR Puram at 06:00 needs monitoring because load reaches 77.9% of transformer capacity.
Z014,KR Puram,7,Morning,False,mixed,2094,1146.15,370.98,1517.13,0.725,576.87,Low,72.5,False,Normal,No immediate action required.,KR Puram at 07:00 is Low risk because load remains within safe capacity limits.
Z014,KR Puram,8,Morning,False,mixed,2094,1150.69,371.25,1521.94,0.727,572.06,Low,72.7,False,Normal,No immediate action required.,KR Puram at 08:00 is Low risk because load remains within safe capacity limits.
Z014,KR Puram,9,Morning,False,mixed,2094,1051.91,377.35,1429.26,0.683,664.74,Low,68.3,False,Normal,No immediate action required.,KR Puram at 09:00 is Low risk because load remains within safe capacity limits.
Z014,KR Puram,10,Day,False,mixed,2094,1310.95,477.48,1788.43,0.854,305.57,Medium,85.4,False,Monitor,Monitor load and encourage off-peak charging.,KR Puram at 10:00 needs monitoring because load reaches 85.4% of transformer capacity.
Z014,KR Puram,11,Day,False,mixed,2094,1131.74,480.84,1612.58,0.77,481.42,Medium,77.0,False,Monitor,Monitor load and encourage off-peak charging.,KR Puram at 11:00 needs monitoring because load reaches 77.0% of transformer capacity.
Z014,KR Puram,12,Day,False,mixed,2094,1110.4,496.16,1606.56,0.767,487.44,Medium,76.7,False,Monitor,Monitor load and encourage off-peak charging.,KR Puram at 12:00 needs monitoring because load reaches 76.7% of transformer capacity.
Z014,KR Puram,13,Day,False,mixed,2094,1227.99,470.88,1698.87,0.811,395.13,Medium,81.1,False,Monitor,Monitor load and encourage off-peak charging.,KR Puram at 13:00 needs monitoring because load reaches 81.1% of transformer capacity.
Z014,KR Puram,14,Day,False,mixed,2094,1209.67,459.51,1669.18,0.797,424.82,Medium,79.7,False,Monitor,Monitor load and encourage off-peak charging.,KR Puram at 14:00 needs monitoring because load reaches 79.7% of transformer capacity.
Z014,KR Puram,15,Day,False,mixed,2094,1278.52,493.16,1771.68,0.846,322.32,Medium,84.6,False,Monitor,Monitor load and encourage off-peak charging.,KR Puram at 15:00 needs monitoring because load reaches 84.6% of transformer capacity.
Z014,KR Puram,16,Day,False,mixed,2094,1118.55,495.31,1613.86,0.771,480.14,Medium,77.1,False,Monitor,Monitor load and encourage off-peak charging.,KR Puram at 16:00 needs monitoring because load reaches 77.1% of transformer capacity.
Z014,KR Puram,17,Evening Peak,True,mixed,2094,1274.15,657.52,1931.67,0.922,162.33,High,92.2,False,Schedule Shift Recommended,Shift part of EV charging demand to off-peak hours.,KR Puram at 17:00 is High risk because predicted total load reaches 92.2% of transformer capacity during Evening Peak.
Z014,KR Puram,18,Evening Peak,True,mixed,2094,1411.8,679.16,2090.96,0.999,3.04,High,99.9,False,Schedule Shift Recommended,Shift part of EV charging demand to off-peak hours.,KR Puram at 18:00 is High risk because predicted total load reaches 99.9% of transformer capacity during Evening Peak.
Z014,KR Puram,19,Evening Peak,True,mixed,2094,1313.05,704.68,2017.73,0.964,76.27,High,96.4,False,Schedule Shift Recommended,Shift part of EV charging demand to off-peak hours.,KR Puram at 19:00 is High risk because predicted total load reaches 96.4% of transformer capacity during Evening Peak.
Z014,KR Puram,20,Evening Peak,True,mixed,2094,1415.72,672.09,2087.81,0.997,6.19,High,99.7,False,Schedule Shift Recommended,Shift part of EV charging demand to off-peak hours.,KR Puram at 20:00 is High risk because predicted total load reaches 99.7% of transformer capacity during Evening Peak.
Z014,KR Puram,21,Evening Peak,True,mixed,2094,1329.63,634.48,1964.11,0.938,129.89,High,93.8,False,Schedule Shift Recommended,Shift part of EV charging demand to off-peak hours.,KR Puram at 21:00 is High risk because predicted total load reaches 93.8% of transformer capacity during Evening Peak.
Z014,KR Puram,22,Evening Peak,True,mixed,2094,1293.12,626.68,1919.8,0.917,174.2,High,91.7,False,Schedule Shift Recommended,Shift part of EV charging demand to off-peak hours.,KR Puram at 22:00 is High risk because predicted total load reaches 91.7% of transformer capacity during Evening Peak.
Z014,KR Puram,23,Late Night,False,mixed,2094,972.34,362.18,1334.52,0.637,759.48,Low,63.7,False,Normal,No immediate action required.,KR Puram at 23:00 is Low risk because load remains within safe capacity limits.
Z015,Malleshwaram,0,Night,False,residential,1616,611.54,236.87,848.41,0.525,767.59,Low,52.5,False,Normal,No immediate action required.,Malleshwaram at 00:00 is Low risk because load remains within safe capacity limits.
Z015,Malleshwaram,1,Night,False,residential,1616,592.08,239.44,831.52,0.515,784.48,Low,51.5,False,Normal,No immediate action required.,Malleshwaram at 01:00 is Low risk because load remains within safe capacity limits.
Z015,Malleshwaram,2,Night,False,residential,1616,552.56,229.24,781.8,0.484,834.2,Low,48.4,False,Normal,No immediate action required.,Malleshwaram at 02:00 is Low risk because load remains within safe capacity limits.
Z015,Malleshwaram,3,Night,False,residential,1616,629.97,224.19,854.16,0.529,761.84,Low,52.9,False,Normal,No immediate action required.,Malleshwaram at 03:00 is Low risk because load remains within safe capacity limits.
Z015,Malleshwaram,4,Night,False,residential,1616,637.11,228.77,865.88,0.536,750.12,Low,53.6,False,Normal,No immediate action required.,Malleshwaram at 04:00 is Low risk because load remains within safe capacity limits.
Z015,Malleshwaram,5,Night,False,residential,1616,581.58,238.98,820.56,0.508,795.44,Low,50.8,False,Normal,No immediate action required.,Malleshwaram at 05:00 is Low risk because load remains within safe capacity limits.
Z015,Malleshwaram,6,Morning,False,residential,1616,799.38,307.11,1106.49,0.685,509.51,Low,68.5,False,Normal,No immediate action required.,Malleshwaram at 06:00 is Low risk because load remains within safe capacity limits.
Z015,Malleshwaram,7,Morning,False,residential,1616,715.65,322.65,1038.3,0.643,577.7,Low,64.3,False,Normal,No immediate action required.,Malleshwaram at 07:00 is Low risk because load remains within safe capacity limits.
Z015,Malleshwaram,8,Morning,False,residential,1616,731.92,326.45,1058.37,0.655,557.63,Low,65.5,False,Normal,No immediate action required.,Malleshwaram at 08:00 is Low risk because load remains within safe capacity limits.
Z015,Malleshwaram,9,Morning,False,residential,1616,753.17,299.33,1052.5,0.651,563.5,Low,65.1,False,Normal,No immediate action required.,Malleshwaram at 09:00 is Low risk because load remains within safe capacity limits.
Z015,Malleshwaram,10,Day,False,residential,1616,759.78,248.4,1008.18,0.624,607.82,Low,62.4,False,Normal,No immediate action required.,Malleshwaram at 10:00 is Low risk because load remains within safe capacity limits.
Z015,Malleshwaram,11,Day,False,residential,1616,794.76,266.97,1061.73,0.657,554.27,Low,65.7,False,Normal,No immediate action required.,Malleshwaram at 11:00 is Low risk because load remains within safe capacity limits.
Z015,Malleshwaram,12,Day,False,residential,1616,695.14,253.48,948.62,0.587,667.38,Low,58.7,False,Normal,No immediate action required.,Malleshwaram at 12:00 is Low risk because load remains within safe capacity limits.
Z015,Malleshwaram,13,Day,False,residential,1616,811.78,259.52,1071.3,0.663,544.7,Low,66.3,False,Normal,No immediate action required.,Malleshwaram at 13:00 is Low risk because load remains within safe capacity limits.
Z015,Malleshwaram,14,Day,False,residential,1616,794.82,250.21,1045.03,0.647,570.97,Low,64.7,False,Normal,No immediate action required.,Malleshwaram at 14:00 is Low risk because load remains within safe capacity limits.
Z015,Malleshwaram,15,Day,False,residential,1616,713.43,258.43,971.86,0.601,644.14,Low,60.1,False,Normal,No immediate action required.,Malleshwaram at 15:00 is Low risk because load remains within safe capacity limits.
Z015,Malleshwaram,16,Day,False,residential,1616,832.11,266.76,1098.87,0.68,517.13,Low,68.0,False,Normal,No immediate action required.,Malleshwaram at 16:00 is Low risk because load remains within safe capacity limits.
Z015,Malleshwaram,17,Evening Peak,True,residential,1616,915.32,741.44,1656.76,1.025,-40.76,Critical,100.0,True,Immediate Action,Shift EV charging immediately and restrict fast charging during this hour.,Malleshwaram at 17:00 is Critical because predicted total load reaches 102.5% of transformer capacity.
Z015,Malleshwaram,18,Evening Peak,True,residential,1616,846.69,719.83,1566.52,0.969,49.48,High,96.9,False,Schedule Shift Recommended,Shift part of EV charging demand to off-peak hours.,Malleshwaram at 18:00 is High risk because predicted total load reaches 96.9% of transformer capacity during Evening Peak.
Z015,Malleshwaram,19,Evening Peak,True,residential,1616,957.58,727.03,1684.61,1.042,-68.61,Critical,100.0,True,Immediate Action,Shift EV charging immediately and restrict fast charging during this hour.,Malleshwaram at 19:00 is Critical because predicted total load reaches 104.2% of transformer capacity.
Z015,Malleshwaram,20,Evening Peak,True,residential,1616,811.02,721.13,1532.15,0.948,83.85,High,94.8,False,Schedule Shift Recommended,Shift part of EV charging demand to off-peak hours.,Malleshwaram at 20:00 is High risk because predicted total load reaches 94.8% of transformer capacity during Evening Peak.
Z015,Malleshwaram,21,Evening Peak,True,residential,1616,901.3,732.91,1634.21,1.011,-18.21,Critical,100.0,True,Immediate Action,Shift EV charging immediately and restrict fast charging during this hour.,Malleshwaram at 21:00 is Critical because predicted total load reaches 101.1% of transformer capacity.
Z015,Malleshwaram,22,Evening Peak,True,residential,1616,938.79,731.17,1669.96,1.033,-53.96,Critical,100.0,True,Immediate Action,Shift EV charging immediately and restrict fast charging during this hour.,Malleshwaram at 22:00 is Critical because predicted total load reaches 103.3% of transformer capacity.
Z015,Malleshwaram,23,Late Night,False,residential,1616,633.25,416.41,1049.66,0.65,566.34,Low,65.0,False,Normal,No immediate action required.,Malleshwaram at 23:00 is Low risk because load remains within safe capacity limits.
Z016,Sarjapur Road,0,Night,False,mixed,1427,543.7,308.76,852.46,0.597,574.54,Low,59.7,False,Normal,No immediate action required.,Sarjapur Road at 00:00 is Low risk because load remains within safe capacity limits.
Z016,Sarjapur Road,1,Night,False,mixed,1427,636.92,313.36,950.28,0.666,476.72,Low,66.6,False,Normal,No immediate action required.,Sarjapur Road at 01:00 is Low risk because load remains within safe capacity limits.
Z016,Sarjapur Road,2,Night,False,mixed,1427,624.68,300.6,925.28,0.648,501.72,Low,64.8,False,Normal,No immediate action required.,Sarjapur Road at 02:00 is Low risk because load remains within safe capacity limits.
Z016,Sarjapur Road,3,Night,False,mixed,1427,576.72,258.16,834.88,0.585,592.12,Low,58.5,False,Normal,No immediate action required.,Sarjapur Road at 03:00 is Low risk because load remains within safe capacity limits.
Z016,Sarjapur Road,4,Night,False,mixed,1427,550.72,248.07,798.79,0.56,628.21,Low,56.0,False,Normal,No immediate action required.,Sarjapur Road at 04:00 is Low risk because load remains within safe capacity limits.
Z016,Sarjapur Road,5,Night,False,mixed,1427,569.49,245.14,814.63,0.571,612.37,Low,57.1,False,Normal,No immediate action required.,Sarjapur Road at 05:00 is Low risk because load remains within safe capacity limits.
Z016,Sarjapur Road,6,Morning,False,mixed,1427,795.2,433.14,1228.34,0.861,198.66,Medium,86.1,False,Monitor,Monitor load and encourage off-peak charging.,Sarjapur Road at 06:00 needs monitoring because load reaches 86.1% of transformer capacity.
Z016,Sarjapur Road,7,Morning,False,mixed,1427,713.6,463.82,1177.42,0.825,249.58,Medium,82.5,False,Monitor,Monitor load and encourage off-peak charging.,Sarjapur Road at 07:00 needs monitoring because load reaches 82.5% of transformer capacity.
Z016,Sarjapur Road,8,Morning,False,mixed,1427,682.82,457.09,1139.91,0.799,287.09,Medium,79.9,False,Monitor,Monitor load and encourage off-peak charging.,Sarjapur Road at 08:00 needs monitoring because load reaches 79.9% of transformer capacity.
Z016,Sarjapur Road,9,Morning,False,mixed,1427,721.99,470.61,1192.6,0.836,234.4,Medium,83.6,False,Monitor,Monitor load and encourage off-peak charging.,Sarjapur Road at 09:00 needs monitoring because load reaches 83.6% of transformer capacity.
Z016,Sarjapur Road,10,Day,False,mixed,1427,724.16,619.4,1343.56,0.942,83.44,High,94.2,False,Schedule Shift Recommended,Shift part of EV charging demand to off-peak hours.,Sarjapur Road at 10:00 is High risk because predicted total load reaches 94.2% of transformer capacity during Day.
Z016,Sarjapur Road,11,Day,False,mixed,1427,845.36,603.72,1449.08,1.015,-22.08,Critical,100.0,True,Immediate Action,Shift EV charging immediately and restrict fast charging during this hour.,Sarjapur Road at 11:00 is Critical because predicted total load reaches 101.5% of transformer capacity.
Z016,Sarjapur Road,12,Day,False,mixed,1427,721.67,623.11,1344.78,0.942,82.22,High,94.2,False,Schedule Shift Recommended,Shift part of EV charging demand to off-peak hours.,Sarjapur Road at 12:00 is High risk because predicted total load reaches 94.2% of transformer capacity during Day.
Z016,Sarjapur Road,13,Day,False,mixed,1427,837.88,599.71,1437.59,1.007,-10.59,Critical,100.0,True,Immediate Action,Shift EV charging immediately and restrict fast charging during this hour.,Sarjapur Road at 13:00 is Critical because predicted total load reaches 100.7% of transformer capacity.
Z016,Sarjapur Road,14,Day,False,mixed,1427,829.74,591.98,1421.72,0.996,5.28,High,99.6,False,Schedule Shift Recommended,Shift part of EV charging demand to off-peak hours.,Sarjapur Road at 14:00 is High risk because predicted total load reaches 99.6% of transformer capacity during Day.
Z016,Sarjapur Road,15,Day,False,mixed,1427,786.12,621.89,1408.01,0.987,18.99,High,98.7,False,Schedule Shift Recommended,Shift part of EV charging demand to off-peak hours.,Sarjapur Road at 15:00 is High risk because predicted total load reaches 98.7% of transformer capacity during Day.
Z016,Sarjapur Road,16,Day,False,mixed,1427,801.76,623.13,1424.89,0.999,2.11,High,99.9,False,Schedule Shift Recommended,Shift part of EV charging demand to off-peak hours.,Sarjapur Road at 16:00 is High risk because predicted total load reaches 99.9% of transformer capacity during Day.
Z016,Sarjapur Road,17,Evening Peak,True,mixed,1427,897.26,710.73,1607.99,1.127,-180.99,Critical,100.0,True,Immediate Action,Shift EV charging immediately and restrict fast charging during this hour.,Sarjapur Road at 17:00 is Critical because predicted total load reaches 112.7% of transformer capacity.
Z016,Sarjapur Road,18,Evening Peak,True,mixed,1427,968.87,734.8,1703.67,1.194,-276.67,Critical,100.0,True,Immediate Action,Shift EV charging immediately and restrict fast charging during this hour.,Sarjapur Road at 18:00 is Critical because predicted total load reaches 119.4% of transformer capacity.
Z016,Sarjapur Road,19,Evening Peak,True,mixed,1427,883.0,728.25,1611.25,1.129,-184.25,Critical,100.0,True,Immediate Action,Shift EV charging immediately and restrict fast charging during this hour.,Sarjapur Road at 19:00 is Critical because predicted total load reaches 112.9% of transformer capacity.
Z016,Sarjapur Road,20,Evening Peak,True,mixed,1427,871.88,737.37,1609.25,1.128,-182.25,Critical,100.0,True,Immediate Action,Shift EV charging immediately and restrict fast charging during this hour.,Sarjapur Road at 20:00 is Critical because predicted total load reaches 112.8% of transformer capacity.
Z016,Sarjapur Road,21,Evening Peak,True,mixed,1427,944.68,791.01,1735.69,1.216,-308.69,Critical,100.0,True,Immediate Action,Shift EV charging immediately and restrict fast charging during this hour.,Sarjapur Road at 21:00 is Critical because predicted total load reaches 121.6% of transformer capacity.
Z016,Sarjapur Road,22,Evening Peak,True,mixed,1427,933.42,796.91,1730.33,1.213,-303.33,Critical,100.0,True,Immediate Action,Shift EV charging immediately and restrict fast charging during this hour.,Sarjapur Road at 22:00 is Critical because predicted total load reaches 121.3% of transformer capacity.
Z016,Sarjapur Road,23,Late Night,False,mixed,1427,687.72,428.01,1115.73,0.782,311.27,Medium,78.2,False,Monitor,Monitor load and encourage off-peak charging.,Sarjapur Road at 23:00 needs monitoring because load reaches 78.2% of transformer capacity.
Z017,Peenya,0,Night,False,industrial,3117,1546.57,148.6,1695.17,0.544,1421.83,Low,54.4,False,Normal,No immediate action required.,Peenya at 00:00 is Low risk because load remains within safe capacity limits.
Z017,Peenya,1,Night,False,industrial,3117,1533.36,150.16,1683.52,0.54,1433.48,Low,54.0,False,Normal,No immediate action required.,Peenya at 01:00 is Low risk because load remains within safe capacity limits.
Z017,Peenya,2,Night,False,industrial,3117,1703.82,179.72,1883.54,0.604,1233.46,Low,60.4,False,Normal,No immediate action required.,Peenya at 02:00 is Low risk because load remains within safe capacity limits.
Z017,Peenya,3,Night,False,industrial,3117,1803.62,181.99,1985.61,0.637,1131.39,Low,63.7,False,Normal,No immediate action required.,Peenya at 03:00 is Low risk because load remains within safe capacity limits.
Z017,Peenya,4,Night,False,industrial,3117,1570.03,184.83,1754.86,0.563,1362.14,Low,56.3,False,Normal,No immediate action required.,Peenya at 04:00 is Low risk because load remains within safe capacity limits.
Z017,Peenya,5,Night,False,industrial,3117,1751.25,182.97,1934.22,0.621,1182.78,Low,62.1,False,Normal,No immediate action required.,Peenya at 05:00 is Low risk because load remains within safe capacity limits.
Z017,Peenya,6,Morning,False,industrial,3117,2146.68,415.57,2562.25,0.822,554.75,Medium,82.2,False,Monitor,Monitor load and encourage off-peak charging.,Peenya at 06:00 needs monitoring because load reaches 82.2% of transformer capacity.
Z017,Peenya,7,Morning,False,industrial,3117,2312.08,415.63,2727.71,0.875,389.29,Medium,87.5,False,Monitor,Monitor load and encourage off-peak charging.,Peenya at 07:00 needs monitoring because load reaches 87.5% of transformer capacity.
Z017,Peenya,8,Morning,False,industrial,3117,2179.12,421.46,2600.58,0.834,516.42,Medium,83.4,False,Monitor,Monitor load and encourage off-peak charging.,Peenya at 08:00 needs monitoring because load reaches 83.4% of transformer capacity.
Z017,Peenya,9,Morning,False,industrial,3117,2060.66,424.19,2484.85,0.797,632.15,Medium,79.7,False,Monitor,Monitor load and encourage off-peak charging.,Peenya at 09:00 needs monitoring because load reaches 79.7% of transformer capacity.
Z017,Peenya,10,Day,False,industrial,3117,2119.64,380.1,2499.74,0.802,617.26,Medium,80.2,False,Monitor,Monitor load and encourage off-peak charging.,Peenya at 10:00 needs monitoring because load reaches 80.2% of transformer capacity.
Z017,Peenya,11,Day,False,industrial,3117,2460.34,387.74,2848.08,0.914,268.92,High,91.4,False,Schedule Shift Recommended,Shift part of EV charging demand to off-peak hours.,Peenya at 11:00 is High risk because predicted total load reaches 91.4% of transformer capacity during Day.
Z017,Peenya,12,Day,False,industrial,3117,2143.32,338.31,2481.63,0.796,635.37,Medium,79.6,False,Monitor,Monitor load and encourage off-peak charging.,Peenya at 12:00 needs monitoring because load reaches 79.6% of transformer capacity.
Z017,Peenya,13,Day,False,industrial,3117,2261.51,337.65,2599.16,0.834,517.84,Medium,83.4,False,Monitor,Monitor load and encourage off-peak charging.,Peenya at 13:00 needs monitoring because load reaches 83.4% of transformer capacity.
Z017,Peenya,14,Day,False,industrial,3117,2483.34,328.67,2812.01,0.902,304.99,High,90.2,False,Schedule Shift Recommended,Shift part of EV charging demand to off-peak hours.,Peenya at 14:00 is High risk because predicted total load reaches 90.2% of transformer capacity during Day.
Z017,Peenya,15,Day,False,industrial,3117,2383.14,339.1,2722.24,0.873,394.76,Medium,87.3,False,Monitor,Monitor load and encourage off-peak charging.,Peenya at 15:00 needs monitoring because load reaches 87.3% of transformer capacity.
Z017,Peenya,16,Day,False,industrial,3117,2341.7,380.03,2721.73,0.873,395.27,Medium,87.3,False,Monitor,Monitor load and encourage off-peak charging.,Peenya at 16:00 needs monitoring because load reaches 87.3% of transformer capacity.
Z017,Peenya,17,Evening Peak,True,industrial,3117,2754.96,386.6,3141.56,1.008,-24.56,Critical,100.0,True,Immediate Action,Shift EV charging immediately and restrict fast charging during this hour.,Peenya at 17:00 is Critical because predicted total load reaches 100.8% of transformer capacity.
Z017,Peenya,18,Evening Peak,True,industrial,3117,2704.59,390.1,3094.69,0.993,22.31,High,99.3,False,Schedule Shift Recommended,Shift part of EV charging demand to off-peak hours.,Peenya at 18:00 is High risk because predicted total load reaches 99.3% of transformer capacity during Evening Peak.
Z017,Peenya,19,Evening Peak,True,industrial,3117,2620.05,421.5,3041.55,0.976,75.45,High,97.6,False,Schedule Shift Recommended,Shift part of EV charging demand to off-peak hours.,Peenya at 19:00 is High risk because predicted total load reaches 97.6% of transformer capacity during Evening Peak.
Z017,Peenya,20,Evening Peak,True,industrial,3117,2685.95,396.58,3082.53,0.989,34.47,High,98.9,False,Schedule Shift Recommended,Shift part of EV charging demand to off-peak hours.,Peenya at 20:00 is High risk because predicted total load reaches 98.9% of transformer capacity during Evening Peak.
Z017,Peenya,21,Evening Peak,True,industrial,3117,2667.78,259.63,2927.41,0.939,189.59,High,93.9,False,Schedule Shift Recommended,Shift part of EV charging demand to off-peak hours.,Peenya at 21:00 is High risk because predicted total load reaches 93.9% of transformer capacity during Evening Peak.
Z017,Peenya,22,Evening Peak,True,industrial,3117,2739.3,199.44,2938.74,0.943,178.26,High,94.3,False,Schedule Shift Recommended,Shift part of EV charging demand to off-peak hours.,Peenya at 22:00 is High risk because predicted total load reaches 94.3% of transformer capacity during Evening Peak.
Z017,Peenya,23,Late Night,False,industrial,3117,1806.84,310.05,2116.89,0.679,1000.11,Low,67.9,False,Normal,No immediate action required.,Peenya at 23:00 is Low risk because load remains within safe capacity limits.
Z018,Majestic,0,Night,False,commercial,1925,761.73,131.8,893.53,0.464,1031.47,Low,46.4,False,Normal,No immediate action required.,Majestic at 00:00 is Low risk because load remains within safe capacity limits.
Z018,Majestic,1,Night,False,commercial,1925,829.43,130.67,960.1,0.499,964.9,Low,49.9,False,Normal,No immediate action required.,Majestic at 01:00 is Low risk because load remains within safe capacity limits.
Z018,Majestic,2,Night,False,commercial,1925,771.35,130.86,902.21,0.469,1022.79,Low,46.9,False,Normal,No immediate action required.,Majestic at 02:00 is Low risk because load remains within safe capacity limits.
Z018,Majestic,3,Night,False,commercial,1925,874.71,117.98,992.69,0.516,932.31,Low,51.6,False,Normal,No immediate action required.,Majestic at 03:00 is Low risk because load remains within safe capacity limits.
Z018,Majestic,4,Night,False,commercial,1925,769.52,122.98,892.5,0.464,1032.5,Low,46.4,False,Normal,No immediate action required.,Majestic at 04:00 is Low risk because load remains within safe capacity limits.
Z018,Majestic,5,Night,False,commercial,1925,753.43,122.98,876.41,0.455,1048.59,Low,45.5,False,Normal,No immediate action required.,Majestic at 05:00 is Low risk because load remains within safe capacity limits.
Z018,Majestic,6,Morning,False,commercial,1925,1026.35,277.51,1303.86,0.677,621.14,Low,67.7,False,Normal,No immediate action required.,Majestic at 06:00 is Low risk because load remains within safe capacity limits.
Z018,Majestic,7,Morning,False,commercial,1925,1005.0,275.91,1280.91,0.665,644.09,Low,66.5,False,Normal,No immediate action required.,Majestic at 07:00 is Low risk because load remains within safe capacity limits.
Z018,Majestic,8,Morning,False,commercial,1925,1143.8,271.99,1415.79,0.735,509.21,Low,73.5,False,Normal,No immediate action required.,Majestic at 08:00 is Low risk because load remains within safe capacity limits.
Z018,Majestic,9,Morning,False,commercial,1925,969.96,249.66,1219.62,0.634,705.38,Low,63.4,False,Normal,No immediate action required.,Majestic at 09:00 is Low risk because load remains within safe capacity limits.
Z018,Majestic,10,Day,False,commercial,1925,1028.85,537.72,1566.57,0.814,358.43,Medium,81.4,False,Monitor,Monitor load and encourage off-peak charging.,Majestic at 10:00 needs monitoring because load reaches 81.4% of transformer capacity.
Z018,Majestic,11,Day,False,commercial,1925,1184.19,493.12,1677.31,0.871,247.69,Medium,87.1,False,Monitor,Monitor load and encourage off-peak charging.,Majestic at 11:00 needs monitoring because load reaches 87.1% of transformer capacity.
Z018,Majestic,12,Day,False,commercial,1925,1011.53,508.26,1519.79,0.79,405.21,Medium,79.0,False,Monitor,Monitor load and encourage off-peak charging.,Majestic at 12:00 needs monitoring because load reaches 79.0% of transformer capacity.
Z018,Majestic,13,Day,False,commercial,1925,1212.87,492.7,1705.57,0.886,219.43,Medium,88.6,False,Monitor,Monitor load and encourage off-peak charging.,Majestic at 13:00 needs monitoring because load reaches 88.6% of transformer capacity.
Z018,Majestic,14,Day,False,commercial,1925,1039.62,521.77,1561.39,0.811,363.61,Medium,81.1,False,Monitor,Monitor load and encourage off-peak charging.,Majestic at 14:00 needs monitoring because load reaches 81.1% of transformer capacity.
Z018,Majestic,15,Day,False,commercial,1925,1111.59,498.23,1609.82,0.836,315.18,Medium,83.6,False,Monitor,Monitor load and encourage off-peak charging.,Majestic at 15:00 needs monitoring because load reaches 83.6% of transformer capacity.
Z018,Majestic,16,Day,False,commercial,1925,1090.19,498.57,1588.76,0.825,336.24,Medium,82.5,False,Monitor,Monitor load and encourage off-peak charging.,Majestic at 16:00 needs monitoring because load reaches 82.5% of transformer capacity.
Z018,Majestic,17,Evening Peak,True,commercial,1925,1240.12,369.85,1609.97,0.836,315.03,Medium,83.6,False,Monitor,Monitor load and encourage off-peak charging.,Majestic at 17:00 needs monitoring because load reaches 83.6% of transformer capacity.
Z018,Majestic,18,Evening Peak,True,commercial,1925,1361.45,361.47,1722.92,0.895,202.08,Medium,89.5,False,Monitor,Monitor load and encourage off-peak charging.,Majestic at 18:00 needs monitoring because load reaches 89.5% of transformer capacity.
Z018,Majestic,19,Evening Peak,True,commercial,1925,1259.62,357.49,1617.11,0.84,307.89,Medium,84.0,False,Monitor,Monitor load and encourage off-peak charging.,Majestic at 19:00 needs monitoring because load reaches 84.0% of transformer capacity.
Z018,Majestic,20,Evening Peak,True,commercial,1925,1374.95,352.92,1727.87,0.898,197.13,Medium,89.8,False,Monitor,Monitor load and encourage off-peak charging.,Majestic at 20:00 needs monitoring because load reaches 89.8% of transformer capacity.
Z018,Majestic,21,Evening Peak,True,commercial,1925,1241.94,265.86,1507.8,0.783,417.2,Medium,78.3,False,Monitor,Monitor load and encourage off-peak charging.,Majestic at 21:00 needs monitoring because load reaches 78.3% of transformer capacity.
Z018,Majestic,22,Evening Peak,True,commercial,1925,1271.45,222.21,1493.66,0.776,431.34,Medium,77.6,False,Monitor,Monitor load and encourage off-peak charging.,Majestic at 22:00 needs monitoring because load reaches 77.6% of transformer capacity.
Z018,Majestic,23,Late Night,False,commercial,1925,888.29,216.12,1104.41,0.574,820.59,Low,57.4,False,Normal,No immediate action required.,Majestic at 23:00 is Low risk because load remains within safe capacity limits.
Z019,Bellandur,0,Night,False,mixed,1722,664.91,247.82,912.73,0.53,809.27,Low,53.0,False,Normal,No immediate action required.,Bellandur at 00:00 is Low risk because load remains within safe capacity limits.
Z019,Bellandur,1,Night,False,mixed,1722,723.45,246.91,970.36,0.564,751.64,Low,56.4,False,Normal,No immediate action required.,Bellandur at 01:00 is Low risk because load remains within safe capacity limits.
Z019,Bellandur,2,Night,False,mixed,1722,796.3,242.74,1039.04,0.603,682.96,Low,60.3,False,Normal,No immediate action required.,Bellandur at 02:00 is Low risk because load remains within safe capacity limits.
Z019,Bellandur,3,Night,False,mixed,1722,830.49,239.83,1070.32,0.622,651.68,Low,62.2,False,Normal,No immediate action required.,Bellandur at 03:00 is Low risk because load remains within safe capacity limits.
Z019,Bellandur,4,Night,False,mixed,1722,656.55,251.6,908.15,0.527,813.85,Low,52.7,False,Normal,No immediate action required.,Bellandur at 04:00 is Low risk because load remains within safe capacity limits.
Z019,Bellandur,5,Night,False,mixed,1722,829.77,232.43,1062.2,0.617,659.8,Low,61.7,False,Normal,No immediate action required.,Bellandur at 05:00 is Low risk because load remains within safe capacity limits.
Z019,Bellandur,6,Morning,False,mixed,1722,852.56,395.51,1248.07,0.725,473.93,Low,72.5,False,Normal,No immediate action required.,Bellandur at 06:00 is Low risk because load remains within safe capacity limits.
Z019,Bellandur,7,Morning,False,mixed,1722,850.17,397.0,1247.17,0.724,474.83,Low,72.4,False,Normal,No immediate action required.,Bellandur at 07:00 is Low risk because load remains within safe capacity limits.
Z019,Bellandur,8,Morning,False,mixed,1722,943.59,362.94,1306.53,0.759,415.47,Medium,75.9,False,Monitor,Monitor load and encourage off-peak charging.,Bellandur at 08:00 needs monitoring because load reaches 75.9% of transformer capacity.
Z019,Bellandur,9,Morning,False,mixed,1722,1001.29,365.65,1366.94,0.794,355.06,Medium,79.4,False,Monitor,Monitor load and encourage off-peak charging.,Bellandur at 09:00 needs monitoring because load reaches 79.4% of transformer capacity.
Z019,Bellandur,10,Day,False,mixed,1722,968.76,542.92,1511.68,0.878,210.32,Medium,87.8,False,Monitor,Monitor load and encourage off-peak charging.,Bellandur at 10:00 needs monitoring because load reaches 87.8% of transformer capacity.
Z019,Bellandur,11,Day,False,mixed,1722,926.52,551.24,1477.76,0.858,244.24,Medium,85.8,False,Monitor,Monitor load and encourage off-peak charging.,Bellandur at 11:00 needs monitoring because load reaches 85.8% of transformer capacity.
Z019,Bellandur,12,Day,False,mixed,1722,1001.25,550.78,1552.03,0.901,169.97,High,90.1,False,Schedule Shift Recommended,Shift part of EV charging demand to off-peak hours.,Bellandur at 12:00 is High risk because predicted total load reaches 90.1% of transformer capacity during Day.
Z019,Bellandur,13,Day,False,mixed,1722,1064.7,475.12,1539.82,0.894,182.18,Medium,89.4,False,Monitor,Monitor load and encourage off-peak charging.,Bellandur at 13:00 needs monitoring because load reaches 89.4% of transformer capacity.
Z019,Bellandur,14,Day,False,mixed,1722,1069.18,471.31,1540.49,0.895,181.51,Medium,89.5,False,Monitor,Monitor load and encourage off-peak charging.,Bellandur at 14:00 needs monitoring because load reaches 89.5% of transformer capacity.
Z019,Bellandur,15,Day,False,mixed,1722,1055.82,491.22,1547.04,0.898,174.96,Medium,89.8,False,Monitor,Monitor load and encourage off-peak charging.,Bellandur at 15:00 needs monitoring because load reaches 89.8% of transformer capacity.
Z019,Bellandur,16,Day,False,mixed,1722,1089.85,500.33,1590.18,0.923,131.82,High,92.3,False,Schedule Shift Recommended,Shift part of EV charging demand to off-peak hours.,Bellandur at 16:00 is High risk because predicted total load reaches 92.3% of transformer capacity during Day.
Z019,Bellandur,17,Evening Peak,True,mixed,1722,1117.25,672.81,1790.06,1.04,-68.06,Critical,100.0,True,Immediate Action,Shift EV charging immediately and restrict fast charging during this hour.,Bellandur at 17:00 is Critical because predicted total load reaches 104.0% of transformer capacity.
Z019,Bellandur,18,Evening Peak,True,mixed,1722,1201.7,699.23,1900.93,1.104,-178.93,Critical,100.0,True,Immediate Action,Shift EV charging immediately and restrict fast charging during this hour.,Bellandur at 18:00 is Critical because predicted total load reaches 110.4% of transformer capacity.
Z019,Bellandur,19,Evening Peak,True,mixed,1722,1104.09,707.19,1811.28,1.052,-89.28,Critical,100.0,True,Immediate Action,Shift EV charging immediately and restrict fast charging during this hour.,Bellandur at 19:00 is Critical because predicted total load reaches 105.2% of transformer capacity.
Z019,Bellandur,20,Evening Peak,True,mixed,1722,1147.17,682.11,1829.28,1.062,-107.28,Critical,100.0,True,Immediate Action,Shift EV charging immediately and restrict fast charging during this hour.,Bellandur at 20:00 is Critical because predicted total load reaches 106.2% of transformer capacity.
Z019,Bellandur,21,Evening Peak,True,mixed,1722,1076.18,694.46,1770.64,1.028,-48.64,Critical,100.0,True,Immediate Action,Shift EV charging immediately and restrict fast charging during this hour.,Bellandur at 21:00 is Critical because predicted total load reaches 102.8% of transformer capacity.
Z019,Bellandur,22,Evening Peak,True,mixed,1722,1166.7,620.18,1786.88,1.038,-64.88,Critical,100.0,True,Immediate Action,Shift EV charging immediately and restrict fast charging during this hour.,Bellandur at 22:00 is Critical because predicted total load reaches 103.8% of transformer capacity.
Z019,Bellandur,23,Late Night,False,mixed,1722,823.37,344.29,1167.66,0.678,554.34,Low,67.8,False,Normal,No immediate action required.,Bellandur at 23:00 is Low risk because load remains within safe capacity limits.
Z020,Kengeri,0,Night,False,residential,1625,655.37,200.83,856.2,0.527,768.8,Low,52.7,False,Normal,No immediate action required.,Kengeri at 00:00 is Low risk because load remains within safe capacity limits.
Z020,Kengeri,1,Night,False,residential,1625,800.01,204.83,1004.84,0.618,620.16,Low,61.8,False,Normal,No immediate action required.,Kengeri at 01:00 is Low risk because load remains within safe capacity limits.
Z020,Kengeri,2,Night,False,residential,1625,805.17,201.81,1006.98,0.62,618.02,Low,62.0,False,Normal,No immediate action required.,Kengeri at 02:00 is Low risk because load remains within safe capacity limits.
Z020,Kengeri,3,Night,False,residential,1625,785.54,203.72,989.26,0.609,635.74,Low,60.9,False,Normal,No immediate action required.,Kengeri at 03:00 is Low risk because load remains within safe capacity limits.
Z020,Kengeri,4,Night,False,residential,1625,701.61,199.92,901.53,0.555,723.47,Low,55.5,False,Normal,No immediate action required.,Kengeri at 04:00 is Low risk because load remains within safe capacity limits.
Z020,Kengeri,5,Night,False,residential,1625,808.82,220.04,1028.86,0.633,596.14,Low,63.3,False,Normal,No immediate action required.,Kengeri at 05:00 is Low risk because load remains within safe capacity limits.
Z020,Kengeri,6,Morning,False,residential,1625,944.57,293.83,1238.4,0.762,386.6,Medium,76.2,False,Monitor,Monitor load and encourage off-peak charging.,Kengeri at 06:00 needs monitoring because load reaches 76.2% of transformer capacity.
Z020,Kengeri,7,Morning,False,residential,1625,818.65,300.08,1118.73,0.688,506.27,Low,68.8,False,Normal,No immediate action required.,Kengeri at 07:00 is Low risk because load remains within safe capacity limits.
Z020,Kengeri,8,Morning,False,residential,1625,832.45,303.19,1135.64,0.699,489.36,Low,69.9,False,Normal,No immediate action required.,Kengeri at 08:00 is Low risk because load remains within safe capacity limits.
Z020,Kengeri,9,Morning,False,residential,1625,839.74,293.45,1133.19,0.697,491.81,Low,69.7,False,Normal,No immediate action required.,Kengeri at 09:00 is Low risk because load remains within safe capacity limits.
Z020,Kengeri,10,Day,False,residential,1625,965.86,258.19,1224.05,0.753,400.95,Medium,75.3,False,Monitor,Monitor load and encourage off-peak charging.,Kengeri at 10:00 needs monitoring because load reaches 75.3% of transformer capacity.
Z020,Kengeri,11,Day,False,residential,1625,869.73,276.91,1146.64,0.706,478.36,Low,70.6,False,Normal,No immediate action required.,Kengeri at 11:00 is Low risk because load remains within safe capacity limits.
Z020,Kengeri,12,Day,False,residential,1625,893.79,266.17,1159.96,0.714,465.04,Low,71.4,False,Normal,No immediate action required.,Kengeri at 12:00 is Low risk because load remains within safe capacity limits.
Z020,Kengeri,13,Day,False,residential,1625,875.67,278.71,1154.38,0.71,470.62,Low,71.0,False,Normal,No immediate action required.,Kengeri at 13:00 is Low risk because load remains within safe capacity limits.
Z020,Kengeri,14,Day,False,residential,1625,1015.9,288.69,1304.59,0.803,320.41,Medium,80.3,False,Monitor,Monitor load and encourage off-peak charging.,Kengeri at 14:00 needs monitoring because load reaches 80.3% of transformer capacity.
Z020,Kengeri,15,Day,False,residential,1625,1037.51,292.48,1329.99,0.818,295.01,Medium,81.8,False,Monitor,Monitor load and encourage off-peak charging.,Kengeri at 15:00 needs monitoring because load reaches 81.8% of transformer capacity.
Z020,Kengeri,16,Day,False,residential,1625,961.71,280.73,1242.44,0.765,382.56,Medium,76.5,False,Monitor,Monitor load and encourage off-peak charging.,Kengeri at 16:00 needs monitoring because load reaches 76.5% of transformer capacity.
Z020,Kengeri,17,Evening Peak,True,residential,1625,1185.88,673.94,1859.82,1.145,-234.82,Critical,100.0,True,Immediate Action,Shift EV charging immediately and restrict fast charging during this hour.,Kengeri at 17:00 is Critical because predicted total load reaches 114.5% of transformer capacity.
Z020,Kengeri,18,Evening Peak,True,residential,1625,1087.64,683.97,1771.61,1.09,-146.61,Critical,100.0,True,Immediate Action,Shift EV charging immediately and restrict fast charging during this hour.,Kengeri at 18:00 is Critical because predicted total load reaches 109.0% of transformer capacity.
Z020,Kengeri,19,Evening Peak,True,residential,1625,1075.27,683.31,1758.58,1.082,-133.58,Critical,100.0,True,Immediate Action,Shift EV charging immediately and restrict fast charging during this hour.,Kengeri at 19:00 is Critical because predicted total load reaches 108.2% of transformer capacity.
Z020,Kengeri,20,Evening Peak,True,residential,1625,1149.29,678.6,1827.89,1.125,-202.89,Critical,100.0,True,Immediate Action,Shift EV charging immediately and restrict fast charging during this hour.,Kengeri at 20:00 is Critical because predicted total load reaches 112.5% of transformer capacity.
Z020,Kengeri,21,Evening Peak,True,residential,1625,1117.34,686.97,1804.31,1.11,-179.31,Critical,100.0,True,Immediate Action,Shift EV charging immediately and restrict fast charging during this hour.,Kengeri at 21:00 is Critical because predicted total load reaches 111.0% of transformer capacity.
Z020,Kengeri,22,Evening Peak,True,residential,1625,1039.88,683.37,1723.25,1.06,-98.25,Critical,100.0,True,Immediate Action,Shift EV charging immediately and restrict fast charging during this hour.,Kengeri at 22:00 is Critical because predicted total load reaches 106.0% of transformer capacity.
Z020,Kengeri,23,Late Night,False,residential,1625,788.48,421.7,1210.18,0.745,414.82,Low,74.5,False,Normal,No immediate action required.,Kengeri at 23:00 is Low risk because load remains within safe capacity limits.
